date,rad,tmin,tmax,hum,wind,rain,etref,wet
1997-01-01,4880.0,-17.9,-11.5,0.154912,3.4,0.000,0.3,0.000
1997-01-02,4600.0,-20.3,-10.0,0.151384,2.7,0.000,0.2,0.000
1997-01-03,1760.0,-13.7,-5.5,0.229017,5.5,0.000,0.1,0.000
1997-01-04,1450.0,-6.3,-3.7,0.317315,6.1,0.000,0.1,0.000
1997-01-05,2350.0,-7.9,-4.6,0.300936,3.6,0.000,0.2,0.000
1997-01-06,3590.0,-10.2,-5.8,0.278532,3.0,0.000,0.3,0.000
1997-01-07,3440.0,-7.2,-3.8,0.344043,3.3,0.000,0.3,0.000
1997-01-08,2580.0,-9.6,-6.8,0.277301,2.9,0.000,0.2,0.000
1997-01-09,2110.0,-9.8,-3.6,0.323118,3.7,0.000,0.2,0.000
1997-01-10,1300.0,-4.3,-2.8,0.382303,2.4,0.000,0.1,0.000
1997-01-11,1120.0,-7.3,-2.6,0.331901,1.8,0.000,0.1,0.000
1997-01-12,1880.0,-6.7,1.8,0.430966,3.8,0.000,0.2,0.000
1997-01-13,3820.0,1.1,5.9,0.592091,3.9,0.000,0.4,0.000
1997-01-14,3950.0,-0.2,8.2,0.392548,2.5,0.000,0.5,0.000
1997-01-15,4340.0,-6.5,5.2,0.409041,2.4,0.000,0.5,0.000
1997-01-16,5100.0,-7.6,6.8,0.432146,1.8,0.000,0.5,0.000
1997-01-17,4430.0,-5.7,9.5,0.444756,3.3,0.000,0.5,0.000
1997-01-18,740.0,3.6,6.2,0.755615,3.4,0.000,0.1,0.000
1997-01-19,900.0,0.5,3.8,0.689569,2.3,0.300,0.1,0.037
1997-01-20,1670.0,0.6,4.0,0.709361,1.5,0.200,0.2,0.017
1997-01-21,1280.0,-3.8,2.3,0.562204,2.7,0.000,0.1,0.000
1997-01-22,2200.0,0.2,9.9,0.733395,3.8,0.000,0.3,0.000
1997-01-23,2170.0,-1.8,7.5,0.718634,2.9,0.000,0.3,0.000
1997-01-24,3460.0,-0.4,9.5,0.759717,1.4,1.100,0.4,0.096
1997-01-25,2020.0,-1.5,1.7,0.618943,1.6,0.000,0.2,0.000
1997-01-26,2050.0,-6.1,1.8,0.489266,2.9,0.000,0.2,0.000
1997-01-27,1540.0,-6.4,0.0,0.456085,1.5,0.000,0.1,0.000
1997-01-28,1400.0,-2.0,3.0,0.635011,2.2,0.000,0.2,0.000
1997-01-29,1310.0,0.6,2.4,0.678415,2.0,0.000,0.1,0.000
1997-01-30,840.0,0.0,2.9,0.677841,1.5,0.000,0.1,0.000
1997-01-31,1870.0,-1.4,4.6,0.619192,2.5,0.500,0.2,0.071
1997-02-01,4230.0,-4.9,3.3,0.451402,1.8,0.000,0.4,0.000
1997-02-02,5670.0,-2.6,3.4,0.525063,2.9,0.000,0.6,0.000
1997-02-03,2220.0,0.0,3.7,0.671674,3.2,0.100,0.2,0.021
1997-02-04,1160.0,0.3,6.2,0.711969,7.7,2.600,0.1,0.217
1997-02-05,3020.0,0.4,6.5,0.711276,2.9,4.900,0.4,0.317
1997-02-06,3270.0,1.2,7.0,0.678765,5.6,0.000,0.4,0.000
1997-02-07,3280.0,3.5,8.8,0.783302,5.5,1.000,0.4,0.100
1997-02-08,6690.0,-0.2,6.7,0.673918,3.0,0.000,0.8,0.000
1997-02-09,3850.0,3.9,10.2,0.914029,5.2,0.000,0.5,0.000
1997-02-10,2080.0,4.8,10.1,0.845575,7.4,3.800,0.3,0.150
1997-02-11,2660.0,2.7,7.7,0.705994,6.8,0.500,0.3,0.042
1997-02-12,730.0,4.8,11.0,1.020825,6.7,15.500,0.1,0.625
1997-02-13,2760.0,3.4,9.8,0.808200,7.9,10.200,0.4,0.296
1997-02-14,6200.0,-2.0,7.5,0.579833,5.3,0.000,0.7,0.000
1997-02-15,5970.0,-0.9,8.5,0.621612,3.8,0.000,0.7,0.000
1997-02-16,5150.0,1.1,6.1,0.634846,3.2,0.000,0.6,0.000
1997-02-17,2230.0,2.4,7.8,0.743399,4.7,0.400,0.3,0.025
1997-02-18,3770.0,2.7,11.2,0.772148,7.5,11.900,0.5,0.363
1997-02-19,5880.0,2.3,7.4,0.663199,7.3,2.600,0.8,0.083
1997-02-20,8070.0,4.9,10.3,0.739681,8.9,1.200,1.1,0.046
1997-02-21,1080.0,6.9,10.7,0.997281,6.9,9.800,0.2,0.133
1997-02-22,2500.0,6.5,11.4,1.015420,5.0,0.000,0.4,0.000
1997-02-23,5460.0,7.3,12.2,0.919831,5.5,0.000,0.8,0.000
1997-02-24,1170.0,6.4,11.5,0.972283,8.1,11.500,0.2,0.392
1997-02-25,4760.0,7.8,12.9,0.962952,10.3,10.000,0.7,0.217
1997-02-26,4620.0,5.3,9.1,0.885441,7.3,9.200,0.6,0.188
1997-02-27,6690.0,0.8,8.2,0.716300,4.1,0.000,0.9,0.000
1997-02-28,8250.0,6.0,14.6,0.701775,6.3,0.500,1.2,0.025
1997-03-01,9520.0,5.2,12.6,0.865400,5.0,0.400,1.4,0.021
1997-03-02,1990.0,6.2,12.6,0.988019,6.8,2.400,0.3,0.058
1997-03-03,10160.0,3.1,10.9,0.649866,3.0,0.000,1.3,0.000
1997-03-04,9480.0,-1.7,12.3,0.697848,3.0,0.000,1.3,0.000
1997-03-05,8050.0,6.2,14.5,1.048319,3.6,0.000,1.2,0.000
1997-03-06,6030.0,2.4,11.4,0.804268,3.5,0.600,0.8,0.062
1997-03-07,8540.0,1.1,14.1,0.814418,2.6,0.000,1.2,0.000
1997-03-08,8220.0,1.9,13.5,0.896152,2.4,0.000,1.1,0.000
1997-03-09,10440.0,0.9,14.3,0.823141,3.1,0.000,1.5,0.000
1997-03-10,13020.0,2.1,18.4,0.708047,2.0,0.000,1.9,0.000
1997-03-11,4090.0,2.5,6.9,0.808422,2.6,0.000,0.5,0.000
1997-03-12,9700.0,2.5,13.1,0.863154,3.0,0.000,1.3,0.000
1997-03-13,10240.0,6.8,16.0,0.984238,5.3,0.000,1.5,0.000
1997-03-14,1850.0,7.4,9.4,0.999930,4.5,0.000,0.3,0.000
1997-03-15,2940.0,8.5,11.3,1.090575,5.0,1.900,0.4,0.158
1997-03-16,1540.0,3.4,9.8,0.959228,3.7,6.700,0.2,0.421
1997-03-17,4730.0,4.0,9.2,0.863964,3.8,0.100,0.6,0.008
1997-03-18,2310.0,1.9,10.4,0.875833,4.2,4.400,0.3,0.175
1997-03-19,4290.0,1.8,9.5,0.792066,5.2,3.400,0.5,0.179
1997-03-20,7860.0,0.9,5.8,0.617292,3.4,0.200,0.9,0.012
1997-03-21,6140.0,-3.5,8.2,0.598490,4.1,0.700,0.7,0.058
1997-03-22,10910.0,-5.0,8.1,0.491413,1.8,0.000,1.3,0.000
1997-03-23,2650.0,3.8,7.0,0.689471,3.5,2.100,0.3,0.217
1997-03-24,7100.0,-0.8,8.2,0.674122,1.7,0.000,0.9,0.000
1997-03-25,6330.0,1.9,9.6,0.780660,1.3,1.100,0.8,0.150
1997-03-26,7180.0,3.7,12.3,0.873377,5.9,1.700,1.0,0.075
1997-03-27,12610.0,7.0,15.0,0.834005,7.0,0.000,1.9,0.000
1997-03-28,7730.0,5.1,11.8,0.861515,8.9,3.000,1.0,0.037
1997-03-29,8810.0,3.9,10.5,0.752390,5.9,1.900,1.2,0.029
1997-03-30,12490.0,1.7,13.6,0.767626,3.5,0.400,1.7,0.033
1997-03-31,17160.0,-0.2,14.9,0.724583,3.0,0.000,2.3,0.000
1997-04-01,17510.0,-0.4,17.0,0.700580,2.6,0.000,2.5,0.000
1997-04-02,10590.0,-1.7,14.1,0.704051,1.5,0.000,1.4,0.000
1997-04-03,5780.0,3.0,11.8,0.739930,5.7,0.000,0.8,0.000
1997-04-04,11810.0,1.6,8.9,0.681480,6.0,2.400,1.5,0.058
1997-04-05,1660.0,2.5,10.3,0.850609,7.3,10.900,0.2,0.625
1997-04-06,15280.0,-4.1,9.9,0.504642,4.4,0.000,1.9,0.000
1997-04-07,20920.0,-6.1,10.0,0.390439,1.7,0.000,2.4,0.000
1997-04-08,18070.0,-1.4,13.5,0.427831,1.8,0.000,2.4,0.000
1997-04-09,15670.0,-0.4,16.5,0.530253,1.7,0.000,2.2,0.000
1997-04-10,19280.0,-0.3,15.7,0.744730,2.6,0.000,2.7,0.000
1997-04-11,9860.0,3.7,9.3,0.617926,6.4,0.400,1.3,0.012
1997-04-12,10390.0,-1.2,9.9,0.598889,4.8,0.000,1.3,0.000
1997-04-13,16680.0,-4.4,11.2,0.586204,3.0,0.000,2.1,0.000
1997-04-14,5910.0,4.8,11.8,0.869677,5.1,0.600,0.8,0.042
1997-04-15,13900.0,1.3,11.1,0.599205,4.7,0.000,1.8,0.000
1997-04-16,19280.0,0.1,12.1,0.532261,2.4,0.000,2.6,0.000
1997-04-17,22190.0,-2.8,13.8,0.514699,2.6,0.000,2.9,0.000
1997-04-18,13290.0,-1.3,12.7,0.659530,3.7,0.000,1.8,0.000
1997-04-19,16120.0,0.8,10.1,0.516452,4.5,0.000,2.1,0.000
1997-04-20,19350.0,-2.8,9.2,0.404011,3.6,0.000,2.3,0.000
1997-04-21,22970.0,-5.6,11.5,0.404219,2.6,0.000,2.9,0.000
1997-04-22,11960.0,-2.7,10.0,0.517999,3.2,0.000,1.5,0.000
1997-04-23,23980.0,-5.2,13.2,0.451573,2.7,0.000,3.1,0.000
1997-04-24,16450.0,3.0,16.1,0.605328,6.6,0.000,2.4,0.000
1997-04-25,7580.0,7.4,11.7,0.932553,2.9,2.100,1.1,0.179
1997-04-26,10300.0,4.4,14.0,0.917229,3.2,0.300,1.5,0.062
1997-04-27,7970.0,8.6,14.9,1.126508,2.2,0.300,1.2,0.050
1997-04-28,4820.0,9.5,13.8,1.207089,5.6,8.300,0.7,0.250
1997-04-29,2790.0,8.4,10.7,1.143085,6.1,9.500,0.4,0.371
1997-04-30,11390.0,6.0,14.3,1.028701,4.0,0.000,1.7,0.000
1997-05-01,19960.0,5.0,17.7,0.983007,1.5,0.000,3.0,0.000
1997-05-02,23060.0,4.5,22.7,1.028114,2.3,0.000,3.7,0.000
1997-05-03,21210.0,3.2,20.6,1.039464,2.2,0.000,3.4,0.000
1997-05-04,10280.0,8.7,19.9,1.254767,4.8,1.900,1.7,0.071
1997-05-05,7120.0,9.5,17.7,1.254400,4.4,15.000,1.1,0.121
1997-05-06,4200.0,2.3,13.0,0.948483,4.8,13.500,0.6,0.400
1997-05-07,21840.0,-0.2,11.4,0.605731,3.5,0.900,2.8,0.062
1997-05-08,17640.0,3.0,12.4,0.683937,4.9,1.000,2.4,0.042
1997-05-09,12930.0,5.7,13.2,0.934232,4.8,4.000,1.8,0.179
1997-05-10,16830.0,6.8,16.5,0.937689,5.6,1.900,2.6,0.021
1997-05-11,13620.0,11.3,17.5,1.192427,5.0,2.000,2.2,0.042
1997-05-12,20160.0,3.9,17.8,0.858329,4.8,0.000,3.1,0.000
1997-05-13,20860.0,3.7,21.2,0.872510,2.2,0.000,3.4,0.000
1997-05-14,2740.0,5.3,13.6,1.099557,2.5,2.000,0.4,0.200
1997-05-15,19030.0,6.7,18.5,1.108339,3.0,0.000,3.0,0.000
1997-05-16,22020.0,11.8,24.3,1.643507,3.3,0.000,3.9,0.000
1997-05-17,23490.0,13.4,28.4,1.480730,1.8,0.000,4.3,0.000
1997-05-18,14510.0,11.9,24.1,1.597233,2.5,1.100,2.5,0.054
1997-05-19,22250.0,13.7,22.7,1.416529,3.0,1.200,3.9,0.104
1997-05-20,10560.0,10.3,19.4,1.374868,2.9,13.300,1.7,0.050
1997-05-21,14530.0,9.6,17.9,1.168612,3.8,1.100,2.3,0.075
1997-05-22,5800.0,7.7,12.4,1.094897,2.9,0.200,0.9,0.012
1997-05-23,21030.0,2.6,14.6,0.750503,2.9,0.000,3.0,0.000
1997-05-24,21160.0,0.7,15.3,0.703797,2.4,0.000,3.0,0.000
1997-05-25,25020.0,1.1,17.3,0.653279,2.5,0.000,3.8,0.000
1997-05-26,16050.0,2.4,17.0,0.828104,3.1,0.000,2.4,0.000
1997-05-27,8610.0,8.2,12.3,0.937978,5.0,0.100,1.3,0.021
1997-05-28,18030.0,4.3,16.9,0.935178,3.7,0.000,2.8,0.000
1997-05-29,22540.0,2.1,17.3,0.878696,3.0,0.000,3.4,0.000
1997-05-30,28490.0,7.6,19.9,0.930979,3.4,0.000,4.5,0.000
1997-05-31,24910.0,6.5,18.0,0.690951,4.0,0.000,3.9,0.000
1997-06-01,25180.0,6.6,20.2,0.919043,5.4,0.700,4.0,0.025
1997-06-02,29920.0,8.7,21.4,0.811309,4.8,0.000,5.0,0.000
1997-06-03,29690.0,5.5,22.2,0.843699,3.3,0.000,5.0,0.000
1997-06-04,24780.0,5.5,24.1,0.972426,1.8,0.000,4.3,0.000
1997-06-05,26250.0,9.6,26.1,1.053176,3.6,0.000,4.8,0.000
1997-06-06,28380.0,15.2,27.8,1.131878,4.7,0.000,5.3,0.000
1997-06-07,22350.0,16.5,29.7,1.763321,4.0,24.100,4.2,0.129
1997-06-08,7130.0,13.4,19.3,1.562829,1.7,15.300,1.2,0.238
1997-06-09,24420.0,10.8,22.0,1.077720,3.1,0.000,4.2,0.000
1997-06-10,27710.0,8.5,24.8,1.321834,3.4,0.000,4.9,0.000
1997-06-11,13590.0,14.9,28.1,1.721658,3.8,11.500,2.4,0.146
1997-06-12,20550.0,12.5,24.0,1.604996,3.6,0.000,3.6,0.000
1997-06-13,17530.0,12.4,23.5,1.588731,2.7,2.200,3.1,0.046
1997-06-14,15560.0,12.6,21.7,1.578889,3.6,10.200,2.6,0.242
1997-06-15,12960.0,6.3,17.2,1.134768,3.8,0.000,2.0,0.000
1997-06-16,27740.0,7.2,18.3,1.054694,2.4,0.000,4.4,0.000
1997-06-17,28640.0,3.3,18.5,0.930120,3.1,0.000,4.4,0.000
1997-06-18,20800.0,2.6,18.0,0.822339,1.8,0.000,3.2,0.000
1997-06-19,24900.0,5.5,21.3,0.944707,3.0,0.000,4.2,0.000
1997-06-20,14800.0,11.4,19.7,1.255284,3.4,2.900,2.4,0.196
1997-06-21,16090.0,10.6,20.0,1.344802,4.1,17.000,2.6,0.138
1997-06-22,16630.0,10.9,18.8,1.231372,5.0,1.000,2.7,0.050
1997-06-23,9980.0,10.6,15.7,1.313064,5.5,7.100,1.6,0.304
1997-06-24,11430.0,6.9,15.5,1.020832,4.8,2.200,1.8,0.163
1997-06-25,20030.0,5.7,18.6,0.956994,2.8,0.300,3.2,0.033
1997-06-26,8950.0,11.6,17.3,1.508661,3.0,8.500,1.4,0.325
1997-06-27,14920.0,10.8,21.6,1.434576,2.6,8.200,2.5,0.046
1997-06-28,18750.0,9.2,21.7,1.245148,3.5,1.000,3.1,0.037
1997-06-29,12200.0,8.8,23.0,1.403488,3.7,14.000,2.1,0.142
1997-06-30,7080.0,12.4,18.3,1.533060,4.5,12.400,1.2,0.213
1997-07-01,16230.0,12.0,19.7,1.387295,3.2,3.600,2.7,0.033
1997-07-02,17620.0,11.2,22.3,1.311695,3.4,1.500,3.0,0.042
1997-07-03,23920.0,10.7,21.9,1.228489,3.6,0.000,4.1,0.000
1997-07-04,17960.0,10.0,21.8,1.234691,2.1,0.000,3.0,0.000
1997-07-05,14610.0,8.5,21.6,1.328972,2.3,4.000,2.4,0.062
1997-07-06,16800.0,7.5,20.3,1.161546,2.8,0.100,2.7,0.008
1997-07-07,16680.0,13.0,23.6,1.673564,3.7,0.000,2.9,0.000
1997-07-08,13520.0,12.8,21.7,1.573640,2.9,0.000,2.3,0.000
1997-07-09,12880.0,11.8,21.2,1.408385,2.8,0.000,2.2,0.000
1997-07-10,19950.0,11.7,24.5,1.486938,2.7,0.000,3.5,0.000
1997-07-11,24360.0,10.6,27.0,1.350829,2.0,0.000,4.4,0.000
1997-07-12,20880.0,11.7,27.9,1.432249,1.5,0.000,3.8,0.000
1997-07-13,18470.0,12.5,27.3,1.595598,1.9,29.300,3.3,0.100
1997-07-14,18160.0,13.3,24.2,1.730085,2.2,0.500,3.2,0.046
1997-07-15,15910.0,11.1,22.6,1.497098,1.9,2.300,2.7,0.021
1997-07-16,8590.0,12.6,21.5,1.652705,2.5,1.800,1.5,0.096
1997-07-17,7440.0,13.9,20.4,1.597062,2.1,10.900,1.3,0.200
1997-07-18,14160.0,13.2,22.0,1.684115,2.7,1.100,2.4,0.067
1997-07-19,25420.0,13.8,23.7,1.543055,4.3,0.200,4.5,0.008
1997-07-20,20360.0,10.9,23.8,1.353075,3.0,1.500,3.6,0.062
1997-07-21,7010.0,15.3,20.1,1.825235,2.8,24.100,1.2,0.413
1997-07-22,17300.0,14.7,24.3,1.869288,1.7,1.700,3.1,0.021
1997-07-23,20510.0,12.1,24.2,1.506200,2.3,0.000,3.6,0.000
1997-07-24,12790.0,10.1,23.4,1.438375,1.5,0.000,2.2,0.000
1997-07-25,8980.0,14.0,20.4,1.698106,4.2,2.400,1.5,0.142
1997-07-26,19010.0,15.0,23.4,1.638833,4.4,0.400,3.4,0.021
1997-07-27,11970.0,11.8,20.5,1.515399,5.8,1.000,2.1,0.033
1997-07-28,16410.0,9.6,23.3,1.398747,2.7,29.900,2.7,0.062
1997-07-29,21980.0,9.0,24.4,1.322827,1.7,0.000,3.8,0.000
1997-07-30,15340.0,11.6,26.4,1.546983,2.8,0.100,2.8,0.004
1997-07-31,15430.0,13.4,20.5,1.448338,4.8,3.700,2.6,0.083
1997-08-01,14520.0,13.1,21.7,1.589951,3.5,0.500,2.5,0.042
1997-08-02,15510.0,14.7,24.0,1.812673,3.0,2.600,2.7,0.171
1997-08-03,14110.0,13.6,22.6,1.697420,2.7,0.200,2.5,0.025
1997-08-04,18640.0,12.9,23.7,1.578316,4.0,0.000,3.3,0.000
1997-08-05,23840.0,8.4,25.4,1.313523,3.1,0.000,4.2,0.000
1997-08-06,24520.0,14.4,26.5,1.535443,3.9,0.000,4.5,0.000
1997-08-07,22500.0,16.0,26.9,1.696178,3.9,0.000,4.2,0.000
1997-08-08,23590.0,13.2,28.3,1.582199,2.4,0.000,4.4,0.000
1997-08-09,22120.0,13.8,29.6,1.553187,1.5,0.000,4.1,0.000
1997-08-10,22940.0,15.0,30.4,1.596143,2.6,0.000,4.4,0.000
1997-08-11,23990.0,17.6,30.4,1.357215,4.5,0.000,4.7,0.000
1997-08-12,22970.0,15.6,30.8,1.428363,3.3,0.000,4.4,0.000
1997-08-13,21760.0,13.6,31.9,1.417894,1.9,0.000,4.2,0.000
1997-08-14,16050.0,16.9,25.3,1.994922,4.1,0.000,2.9,0.000
1997-08-15,7840.0,12.6,22.9,1.720848,2.5,0.000,1.4,0.000
1997-08-16,12150.0,12.6,24.3,1.686507,1.9,0.000,2.2,0.000
1997-08-17,13470.0,14.1,27.7,1.855064,1.5,8.400,2.4,0.037
1997-08-18,21860.0,12.2,28.5,1.488860,2.3,0.000,4.0,0.000
1997-08-19,17790.0,11.1,24.7,1.440979,2.8,0.200,3.1,0.017
1997-08-20,17440.0,14.7,26.4,1.766097,2.5,0.000,3.2,0.000
1997-08-21,17360.0,13.3,27.8,1.735104,1.5,0.000,3.2,0.000
1997-08-22,7300.0,16.8,22.9,1.938420,3.0,4.000,1.3,0.163
1997-08-23,9470.0,19.3,25.2,2.321571,1.9,0.300,1.8,0.058
1997-08-24,18180.0,18.7,29.6,2.311522,2.7,0.000,3.5,0.000
1997-08-25,16810.0,18.3,32.2,1.954774,3.0,8.300,3.3,0.129
1997-08-26,5910.0,16.8,21.4,2.027136,2.1,3.800,1.1,0.075
1997-08-27,13720.0,17.0,26.4,1.871239,2.3,8.100,2.5,0.079
1997-08-28,1960.0,14.8,19.3,1.849242,2.8,12.100,0.3,0.483
1997-08-29,11620.0,11.7,20.2,1.393918,5.1,0.000,1.9,0.000
1997-08-30,10370.0,11.1,20.1,1.434254,3.5,0.400,1.8,0.025
1997-08-31,14740.0,15.7,22.7,1.706565,3.2,0.000,2.6,0.000
1997-09-01,17020.0,15.0,24.3,1.777422,3.1,7.800,3.1,0.046
1997-09-02,8850.0,9.8,19.3,1.400596,2.4,16.800,1.5,0.217
1997-09-03,17120.0,8.3,22.5,1.310608,1.3,0.000,2.8,0.000
1997-09-04,10530.0,12.1,23.7,1.614408,2.3,0.000,1.9,0.000
1997-09-05,6880.0,11.3,19.8,1.477882,1.5,0.000,1.2,0.000
1997-09-06,13300.0,9.4,20.7,1.279670,3.3,0.800,2.2,0.012
1997-09-07,8920.0,12.1,18.7,1.496803,4.0,3.500,1.5,0.225
1997-09-08,11430.0,13.1,20.3,1.485905,5.3,0.000,1.9,0.000
1997-09-09,12830.0,8.4,18.5,1.147137,5.0,0.200,2.1,0.004
1997-09-10,12100.0,5.9,17.4,1.020799,3.1,0.000,1.9,0.000
1997-09-11,11360.0,4.5,18.5,1.017503,2.5,0.000,1.8,0.000
1997-09-12,9990.0,13.3,19.3,1.358995,5.7,0.200,1.7,0.033
1997-09-13,13980.0,8.2,17.0,1.054861,5.4,1.400,2.2,0.042
1997-09-14,13580.0,7.6,17.7,1.007412,4.4,0.300,2.1,0.008
1997-09-15,14580.0,8.7,18.6,1.062935,4.5,0.000,2.3,0.000
1997-09-16,16030.0,8.3,21.5,1.044049,3.7,0.000,2.7,0.000
1997-09-17,8260.0,11.0,19.1,1.428184,2.7,0.000,1.4,0.000
1997-09-18,11830.0,8.2,20.8,1.403550,2.5,0.000,1.9,0.000
1997-09-19,12860.0,2.9,17.4,0.843241,2.8,0.000,2.0,0.000
1997-09-20,12230.0,0.3,15.8,0.787857,1.7,0.000,1.7,0.000
1997-09-21,15410.0,2.0,16.3,0.834711,2.5,0.000,2.2,0.000
1997-09-22,13400.0,3.1,19.3,0.907712,2.2,0.000,2.0,0.000
1997-09-23,12610.0,3.8,18.1,1.024043,2.5,0.000,1.9,0.000
1997-09-24,4920.0,5.1,16.4,1.054747,1.2,0.000,0.8,0.000
1997-09-25,14280.0,3.8,20.4,1.012129,2.0,0.000,2.2,0.000
1997-09-26,14120.0,4.7,20.4,1.158133,2.6,0.000,2.2,0.000
1997-09-27,9660.0,4.5,15.6,1.050348,2.4,0.000,1.4,0.000
1997-09-28,12320.0,2.2,19.1,0.965966,1.1,0.000,1.8,0.000
1997-09-29,7170.0,3.8,16.9,1.142253,1.2,0.000,1.1,0.000
1997-09-30,6400.0,12.4,17.8,1.433356,1.3,2.400,1.0,0.154
1997-10-01,2250.0,12.2,17.6,1.535769,3.9,2.900,0.4,0.167
1997-10-02,7440.0,6.4,15.0,0.947919,5.3,0.200,1.1,0.012
1997-10-03,8000.0,3.4,15.1,0.947591,2.9,0.000,1.2,0.000
1997-10-04,4130.0,11.8,16.7,1.345332,4.7,0.000,0.7,0.000
1997-10-05,2350.0,11.4,15.6,1.400676,3.3,0.000,0.4,0.000
1997-10-06,10630.0,5.7,20.5,1.217599,2.5,0.000,1.8,0.000
1997-10-07,5470.0,12.2,20.5,1.523436,5.3,6.400,0.9,0.112
1997-10-08,2520.0,11.7,17.1,1.388419,6.5,7.500,0.4,0.421
1997-10-09,3760.0,15.0,19.1,1.631630,8.1,5.400,0.6,0.196
1997-10-10,6390.0,9.4,15.9,1.156079,7.3,25.600,1.0,0.388
1997-10-11,6800.0,6.8,13.8,1.117391,4.6,3.100,1.0,0.129
1997-10-12,8970.0,3.0,13.6,0.853945,3.5,1.000,1.3,0.037
1997-10-13,4630.0,6.1,10.9,0.984803,4.4,4.800,0.6,0.138
1997-10-14,7890.0,5.8,12.3,0.881063,3.6,1.100,1.1,0.129
1997-10-15,2990.0,6.5,9.7,0.972581,2.5,0.800,0.4,0.104
1997-10-16,8550.0,-0.8,10.4,0.723207,1.8,0.000,1.1,0.000
1997-10-17,3720.0,7.5,15.2,1.236996,3.0,0.800,0.6,0.062
1997-10-18,9580.0,7.4,19.1,1.222420,3.0,0.000,1.5,0.000
1997-10-19,9070.0,7.4,19.5,1.330932,1.8,0.000,1.4,0.000
1997-10-20,4300.0,2.1,12.0,0.811187,4.2,0.000,0.6,0.000
1997-10-21,8330.0,-3.1,9.4,0.546865,2.5,0.000,1.0,0.000
1997-10-22,9940.0,-3.7,9.9,0.565423,1.3,0.000,1.1,0.000
1997-10-23,4020.0,-1.6,11.1,0.718198,2.3,0.000,0.5,0.000
1997-10-24,6250.0,0.0,9.6,0.699762,2.7,1.500,0.8,0.017
1997-10-25,2440.0,3.2,10.0,0.869340,3.5,0.800,0.3,0.042
1997-10-26,3360.0,2.7,9.6,0.855042,2.4,0.000,0.4,0.000
1997-10-27,9140.0,-2.5,6.0,0.432689,3.3,0.000,1.0,0.000
1997-10-28,9640.0,-7.5,6.1,0.356413,2.3,0.000,1.0,0.000
1997-10-29,7560.0,-7.5,8.0,0.356333,1.1,0.000,0.8,0.000
1997-10-30,8630.0,-1.8,11.7,0.447499,1.8,0.000,1.1,0.000
1997-10-31,8010.0,-1.2,11.0,0.602320,3.5,0.000,1.0,0.000
1997-11-01,3740.0,-4.7,4.6,0.558977,1.7,0.000,0.4,0.000
1997-11-02,2210.0,-2.7,2.8,0.623889,2.0,0.000,0.2,0.000
1997-11-03,2540.0,1.4,7.7,0.674290,3.1,0.000,0.3,0.000
1997-11-04,7180.0,0.1,7.8,0.492207,4.6,0.000,0.9,0.000
1997-11-05,3680.0,4.3,13.6,0.999389,3.1,0.500,0.5,0.075
1997-11-06,1980.0,7.0,13.3,1.150082,2.6,4.000,0.3,0.146
1997-11-07,800.0,8.2,14.2,1.167231,6.6,1.200,0.1,0.100
1997-11-08,2920.0,7.8,12.0,1.005741,4.6,0.300,0.4,0.046
1997-11-09,4980.0,7.9,12.6,0.974962,5.2,2.000,0.7,0.088
1997-11-10,2880.0,7.0,11.7,0.941537,5.2,0.700,0.4,0.075
1997-11-11,2080.0,4.6,9.9,0.869338,3.8,1.300,0.3,0.117
1997-11-12,2280.0,1.6,8.9,0.855995,1.8,0.000,0.3,0.000
1997-11-13,1890.0,2.8,6.9,0.836214,2.9,0.000,0.2,0.000
1997-11-14,3750.0,4.6,9.3,0.882642,3.2,0.000,0.5,0.000
1997-11-15,880.0,6.3,9.7,0.982822,3.8,4.500,0.1,0.296
1997-11-16,1740.0,4.3,10.1,0.928327,3.5,0.000,0.2,0.000
1997-11-17,5200.0,0.8,8.0,0.699024,4.1,0.000,0.6,0.000
1997-11-18,5180.0,1.5,7.4,0.683943,5.6,0.000,0.6,0.000
1997-11-19,5270.0,-1.4,3.8,0.446801,5.5,0.000,0.6,0.000
1997-11-20,1750.0,-2.1,4.2,0.524973,4.5,0.500,0.2,0.050
1997-11-21,2060.0,3.9,9.6,0.907799,1.9,0.000,0.3,0.000
1997-11-22,990.0,2.7,6.6,0.848481,1.0,0.000,0.1,0.000
1997-11-23,1480.0,3.3,5.5,0.790255,1.5,0.000,0.2,0.000
1997-11-24,1180.0,0.9,4.0,0.696026,3.3,0.000,0.1,0.000
1997-11-25,3350.0,0.4,5.1,0.653197,3.7,0.000,0.4,0.000
1997-11-26,3080.0,-1.0,5.6,0.656782,3.6,0.000,0.4,0.000
1997-11-27,840.0,2.9,4.6,0.729186,4.0,0.600,0.1,0.125
1997-11-28,1180.0,3.3,8.1,0.878471,2.8,3.600,0.2,0.229
1997-11-29,1220.0,8.0,10.5,1.090681,3.5,1.600,0.2,0.092
1997-11-30,890.0,4.4,9.3,0.921983,2.6,0.300,0.1,0.042
1997-12-01,4350.0,-3.2,6.8,0.591987,1.8,0.000,0.5,0.000
1997-12-02,2000.0,-1.0,2.1,0.569588,4.0,0.000,0.2,0.000
1997-12-03,1690.0,-3.2,2.8,0.521336,3.3,0.000,0.2,0.000
1997-12-04,1360.0,-6.8,2.6,0.481777,2.8,0.000,0.1,0.000
1997-12-05,1190.0,-4.8,2.2,0.532342,3.4,0.500,0.1,0.029
1997-12-06,650.0,0.3,4.7,0.619649,6.5,8.100,0.1,0.442
1997-12-07,1580.0,1.2,4.8,0.634197,4.1,0.400,0.2,0.054
1997-12-08,1010.0,2.6,8.0,0.662632,5.5,0.000,0.1,0.000
1997-12-09,1650.0,7.6,10.0,1.038610,5.8,4.200,0.2,0.138
1997-12-10,430.0,9.0,12.3,1.167709,7.6,10.700,0.1,0.433
1997-12-11,680.0,9.5,12.5,1.216987,5.3,2.500,0.1,0.163
1997-12-12,630.0,5.8,9.5,1.001396,5.1,6.200,0.1,0.337
1997-12-13,2000.0,1.5,8.1,0.804835,3.5,1.200,0.3,0.104
1997-12-14,1940.0,1.3,6.8,0.730805,4.6,0.300,0.2,0.033
1997-12-15,1610.0,-2.5,2.8,0.474035,5.9,0.000,0.2,0.000
1997-12-16,2710.0,-8.1,-1.9,0.303730,6.5,0.000,0.2,0.000
1997-12-17,2690.0,-8.7,-1.7,0.290153,6.5,0.000,0.2,0.000
1997-12-18,690.0,-1.7,4.4,0.490511,4.6,0.000,0.1,0.000
1997-12-19,2040.0,2.6,10.3,0.827039,3.9,0.400,0.3,0.037
1997-12-20,1770.0,-2.0,4.5,0.668023,2.2,0.100,0.2,0.017
1997-12-21,260.0,1.0,2.9,0.697033,4.0,13.100,0.0,0.554
1997-12-22,480.0,1.0,2.6,0.689250,1.8,0.000,0.1,0.000
1997-12-23,690.0,1.8,5.2,0.763548,2.0,0.200,0.1,0.037
1997-12-24,290.0,5.2,11.8,1.051319,5.9,8.400,0.0,0.408
1997-12-25,1330.0,8.5,12.8,1.066755,8.5,2.000,0.2,0.092
1997-12-26,630.0,5.7,10.5,0.899523,8.1,3.000,0.1,0.154
1997-12-27,1290.0,4.5,6.6,0.865302,4.4,0.200,0.2,0.008
1997-12-28,1610.0,3.7,5.9,0.816019,4.6,5.500,0.2,0.229
1997-12-29,2320.0,3.7,6.7,0.834850,4.2,2.700,0.3,0.112
1997-12-30,2630.0,2.9,7.7,0.735051,3.8,0.000,0.3,0.000
1997-12-31,400.0,6.3,9.3,0.934254,4.8,2.200,0.1,0.213
1998-01-01,2010.0,4.8,7.6,0.837221,4.3,0.000,0.3,0.000
1998-01-02,1020.0,5.3,9.6,0.899755,6.3,9.000,0.1,0.300
1998-01-03,360.0,3.5,10.3,0.823193,8.5,15.200,0.0,0.308
1998-01-04,1720.0,4.5,8.6,0.758966,8.3,3.300,0.2,0.129
1998-01-05,980.0,3.8,7.3,0.766203,8.5,10.700,0.1,0.333
1998-01-06,1860.0,3.3,7.5,0.748656,5.8,1.200,0.2,0.083
1998-01-07,1580.0,5.7,11.4,0.940804,6.7,9.900,0.2,0.208
1998-01-08,900.0,6.7,11.7,0.975910,7.7,4.100,0.1,0.188
1998-01-09,1940.0,8.2,12.4,1.099744,5.7,0.000,0.3,0.000
1998-01-10,3960.0,5.9,12.3,0.844551,3.2,0.000,0.6,0.000
1998-01-11,4000.0,-2.2,11.7,0.594118,2.8,0.000,0.5,0.000
1998-01-12,3410.0,6.1,10.6,0.876146,3.1,0.000,0.5,0.000
1998-01-13,3210.0,3.0,10.4,0.803900,2.7,0.000,0.4,0.000
1998-01-14,1080.0,4.9,10.9,0.830938,6.4,2.900,0.2,0.167
1998-01-15,1140.0,3.3,8.6,0.805616,6.4,1.300,0.2,0.079
1998-01-16,1680.0,5.4,8.6,0.934555,4.9,0.600,0.2,0.062
1998-01-17,2590.0,2.1,6.8,0.740575,5.6,0.000,0.3,0.000
1998-01-18,1310.0,3.3,7.9,0.573987,6.8,2.600,0.2,0.158
1998-01-19,1100.0,1.1,6.9,0.723757,7.4,7.800,0.1,0.321
1998-01-20,420.0,0.6,4.4,0.654566,5.4,2.400,0.0,0.200
1998-01-21,1240.0,-1.4,0.6,0.429756,2.5,0.000,0.1,0.000
1998-01-22,3560.0,-2.3,1.1,0.473944,2.4,0.000,0.4,0.000
1998-01-23,690.0,-2.1,1.7,0.569092,3.0,0.000,0.1,0.000
1998-01-24,1120.0,0.4,2.6,0.601649,6.1,0.400,0.1,0.104
1998-01-25,5030.0,-3.5,1.8,0.432596,4.9,0.000,0.5,0.000
1998-01-26,7100.0,-7.8,1.4,0.413136,2.5,0.000,0.7,0.000
1998-01-27,5770.0,-9.1,0.9,0.401138,1.2,0.000,0.5,0.000
1998-01-28,670.0,-0.5,2.7,0.609722,2.3,0.900,0.1,0.129
1998-01-29,1800.0,-1.5,1.6,0.616474,1.8,0.000,0.2,0.000
1998-01-30,1170.0,0.5,5.2,0.758976,3.9,0.800,0.1,0.075
1998-01-31,6800.0,-6.6,3.5,0.323725,3.8,0.000,0.7,0.000
1998-02-01,5370.0,-12.5,-2.7,0.218706,2.2,0.000,0.4,0.000
1998-02-02,3010.0,-12.4,0.9,0.349307,4.0,0.900,0.3,0.083
1998-02-03,6390.0,-3.5,4.1,0.473336,3.7,0.000,0.7,0.000
1998-02-04,7050.0,-2.9,4.5,0.558309,4.3,0.000,0.8,0.000
1998-02-05,2110.0,0.2,4.7,0.707082,3.6,0.000,0.2,0.000
1998-02-06,1870.0,3.3,5.6,0.706910,3.7,0.000,0.2,0.000
1998-02-07,1660.0,0.6,4.2,0.636537,4.9,2.700,0.2,0.117
1998-02-08,3520.0,-0.4,6.1,0.706220,4.3,0.000,0.4,0.000
1998-02-09,6660.0,2.5,11.5,0.609865,5.1,0.000,0.9,0.000
1998-02-10,4640.0,1.7,10.5,0.763208,4.2,0.000,0.6,0.000
1998-02-11,3030.0,2.7,9.8,0.814116,5.5,0.000,0.4,0.000
1998-02-12,4030.0,8.0,13.8,1.069746,5.8,0.000,0.6,0.000
1998-02-13,3720.0,6.9,15.1,1.118995,3.8,0.000,0.5,0.000
1998-02-14,7370.0,5.4,15.2,0.958076,3.5,0.000,1.1,0.000
1998-02-15,4330.0,7.6,14.0,0.946887,4.3,0.000,0.6,0.000
1998-02-16,2460.0,6.7,12.2,0.945477,7.7,2.800,0.4,0.229
1998-02-17,2960.0,0.7,7.4,0.646988,3.5,0.000,0.4,0.000
1998-02-18,8460.0,1.3,11.2,0.747796,2.9,0.000,1.1,0.000
1998-02-19,2730.0,2.5,9.6,0.798324,4.1,0.000,0.4,0.000
1998-02-20,6870.0,8.3,13.6,1.024818,3.6,0.000,1.0,0.000
1998-02-21,5030.0,8.5,13.7,1.062504,5.0,0.600,0.7,0.096
1998-02-22,3360.0,0.7,9.6,0.811441,3.3,0.000,0.5,0.000
1998-02-23,7870.0,0.7,9.9,0.748229,4.3,0.000,1.0,0.000
1998-02-24,2780.0,7.4,11.1,1.083086,4.3,0.000,0.4,0.000
1998-02-25,4550.0,5.7,10.8,0.969601,2.1,0.000,0.6,0.000
1998-02-26,1100.0,6.4,8.9,0.904373,4.5,0.000,0.2,0.000
1998-02-27,1220.0,6.0,9.5,0.779549,8.4,0.000,0.2,0.000
1998-02-28,5510.0,0.9,8.4,0.628130,6.7,7.400,0.7,0.225
1998-03-01,3330.0,0.4,4.2,0.640194,5.1,2.700,0.4,0.117
1998-03-02,6980.0,3.0,11.2,0.763735,7.5,1.300,1.0,0.154
1998-03-03,860.0,6.9,13.2,1.182978,8.0,13.900,0.1,0.642
1998-03-04,1160.0,3.9,15.5,0.884021,7.7,8.100,0.2,0.196
1998-03-05,4620.0,3.3,7.0,0.756122,7.3,6.100,0.6,0.246
1998-03-06,1650.0,2.2,9.6,0.937688,2.8,16.400,0.2,0.808
1998-03-07,2470.0,7.0,11.4,1.068832,7.2,15.900,0.4,0.504
1998-03-08,3730.0,-4.2,8.1,0.540124,5.0,0.800,0.4,0.071
1998-03-09,11370.0,-5.3,6.8,0.497352,2.7,0.500,1.3,0.042
1998-03-10,11470.0,-2.4,8.6,0.524176,3.8,0.000,1.4,0.000
1998-03-11,4490.0,2.7,6.2,0.584222,4.0,0.000,0.6,0.000
1998-03-12,7900.0,-3.8,7.3,0.496471,3.5,0.800,0.9,0.062
1998-03-13,3440.0,-2.7,6.5,0.623022,4.1,0.100,0.4,0.021
1998-03-14,4150.0,5.9,9.3,0.886081,4.8,0.800,0.6,0.154
1998-03-15,2860.0,6.6,9.1,1.019022,4.8,1.300,0.4,0.217
1998-03-16,3870.0,6.8,11.9,1.044461,3.5,0.000,0.5,0.000
1998-03-17,5220.0,7.3,11.9,0.989232,4.0,0.000,0.7,0.000
1998-03-18,5580.0,3.1,11.4,0.759028,4.7,0.000,0.8,0.000
1998-03-19,10020.0,1.5,9.4,0.647052,3.9,0.000,1.3,0.000
1998-03-20,4370.0,2.7,8.9,0.747753,4.6,0.000,0.6,0.000
1998-03-21,15130.0,0.2,9.5,0.516891,1.7,0.000,1.9,0.000
1998-03-22,2360.0,1.3,7.7,0.750695,2.5,1.200,0.3,0.079
1998-03-23,8590.0,-1.0,7.3,0.495801,4.8,0.000,1.0,0.000
1998-03-24,14860.0,-5.7,9.6,0.353014,2.3,0.000,1.7,0.000
1998-03-25,15980.0,0.6,11.5,0.426845,3.0,0.000,2.1,0.000
1998-03-26,9790.0,1.9,11.7,0.521924,5.3,3.200,1.3,0.188
1998-03-27,1910.0,6.5,11.0,1.114091,4.3,0.200,0.3,0.029
1998-03-28,5450.0,9.8,15.2,1.227675,2.6,0.100,0.8,0.012
1998-03-29,13860.0,8.7,21.9,1.088114,2.8,0.000,2.3,0.000
1998-03-30,13510.0,8.9,22.5,1.164091,3.5,0.000,2.3,0.000
1998-03-31,8820.0,5.3,17.0,1.080371,2.4,0.000,1.4,0.000
1998-04-01,4150.0,2.5,11.4,0.952039,1.5,2.900,0.6,0.104
1998-04-02,3050.0,8.2,12.7,1.204618,1.7,3.000,0.5,0.171
1998-04-03,4260.0,8.7,14.1,1.161888,4.9,4.800,0.6,0.208
1998-04-04,5610.0,7.7,13.1,1.034444,6.5,2.800,0.8,0.146
1998-04-05,8340.0,7.4,12.4,0.957109,5.3,2.300,1.2,0.054
1998-04-06,10650.0,6.6,13.6,0.934113,4.0,1.500,1.5,0.037
1998-04-07,8530.0,2.8,11.7,0.861685,2.3,12.900,1.2,0.325
1998-04-08,7740.0,4.8,10.9,0.886509,3.3,9.200,1.1,0.379
1998-04-09,10670.0,4.6,13.0,0.903413,1.9,3.700,1.5,0.121
1998-04-10,8080.0,5.6,12.3,0.926846,2.0,4.100,1.1,0.250
1998-04-11,10220.0,3.4,11.7,0.857295,4.0,0.900,1.4,0.033
1998-04-12,13140.0,1.8,10.7,0.629846,4.8,0.000,1.7,0.000
1998-04-13,9880.0,0.1,6.7,0.652292,5.8,2.100,1.2,0.054
1998-04-14,11410.0,-0.8,7.0,0.617931,4.4,0.900,1.4,0.025
1998-04-15,6620.0,2.2,9.2,0.686868,4.1,4.200,0.9,0.208
1998-04-16,10160.0,0.2,10.7,0.631565,4.5,4.700,1.3,0.158
1998-04-17,12580.0,2.7,13.5,0.643615,3.2,0.000,1.8,0.000
1998-04-18,6100.0,1.8,12.1,0.792532,1.7,1.200,0.8,0.092
1998-04-19,17190.0,-1.7,13.9,0.634919,1.9,0.000,2.3,0.000
1998-04-20,4850.0,5.9,11.4,0.928948,3.8,4.900,0.7,0.096
1998-04-21,15090.0,6.1,14.9,0.982885,2.6,2.000,2.2,0.042
1998-04-22,19920.0,8.2,19.1,0.954244,4.0,0.000,3.2,0.000
1998-04-23,20970.0,8.4,22.5,1.009012,3.8,2.300,3.5,0.121
1998-04-24,5010.0,10.3,14.3,1.217003,4.4,2.300,0.8,0.146
1998-04-25,5180.0,11.4,14.8,1.350773,4.5,3.800,0.8,0.196
1998-04-26,7840.0,6.8,12.7,1.030141,2.3,5.400,1.1,0.221
1998-04-27,6060.0,7.2,12.6,1.084166,2.3,3.700,0.9,0.154
1998-04-28,9400.0,5.2,13.7,0.936123,1.8,1.500,1.4,0.062
1998-04-29,9000.0,5.4,14.0,1.031975,2.9,0.000,1.3,0.000
1998-04-30,8620.0,6.1,16.5,1.193514,2.1,0.000,1.3,0.000
1998-05-01,7470.0,9.2,16.4,1.327939,2.5,0.000,1.2,0.000
1998-05-02,17370.0,8.5,20.8,1.242779,4.4,0.000,2.7,0.000
1998-05-03,8070.0,4.7,13.6,0.982054,4.2,0.000,1.2,0.000
1998-05-04,14180.0,2.3,12.6,0.790881,3.2,0.000,2.0,0.000
1998-05-05,9240.0,4.4,14.3,0.862074,3.8,1.100,1.3,0.158
1998-05-06,6120.0,8.7,13.3,1.200402,6.2,5.000,0.9,0.271
1998-05-07,9670.0,10.9,16.3,1.222795,5.3,0.300,1.5,0.046
1998-05-08,23660.0,9.8,22.5,1.047932,3.3,0.000,4.0,0.000
1998-05-09,22840.0,11.5,25.7,1.365188,3.3,0.000,4.1,0.000
1998-05-10,24220.0,9.4,27.8,1.280912,2.2,0.000,4.4,0.000
1998-05-11,21380.0,16.2,29.2,1.394220,2.5,0.000,4.1,0.000
1998-05-12,24120.0,13.8,29.9,1.329866,2.7,0.000,4.6,0.000
1998-05-13,24120.0,14.1,24.2,1.575697,4.5,0.000,4.3,0.000
1998-05-14,27430.0,10.3,23.7,0.917805,5.0,0.000,4.7,0.000
1998-05-15,27100.0,8.4,22.9,0.887737,3.9,0.000,4.6,0.000
1998-05-16,27080.0,8.6,19.9,0.837764,4.2,0.000,4.4,0.000
1998-05-17,26520.0,7.0,22.6,0.970534,2.6,0.000,4.4,0.000
1998-05-18,19990.0,6.9,24.0,1.109203,2.0,0.000,3.4,0.000
1998-05-19,25790.0,8.6,22.4,1.127609,3.3,0.000,4.3,0.000
1998-05-20,15700.0,6.9,18.7,1.101348,3.0,0.000,2.4,0.000
1998-05-21,12440.0,4.8,14.9,0.887071,3.5,0.000,1.9,0.000
1998-05-22,14280.0,4.1,13.9,0.785097,3.9,0.000,2.0,0.000
1998-05-23,10140.0,0.8,14.8,0.875968,2.6,0.300,1.5,0.021
1998-05-24,8090.0,9.2,15.3,1.225101,3.0,3.400,1.2,0.221
1998-05-25,9950.0,10.0,18.1,1.247467,2.8,13.900,1.6,0.188
1998-05-26,10750.0,10.1,17.1,1.349374,2.7,2.000,1.7,0.083
1998-05-27,16090.0,8.4,17.9,1.238274,1.9,6.000,2.6,0.033
1998-05-28,19600.0,9.6,21.9,1.380097,3.1,0.000,3.4,0.000
1998-05-29,7460.0,10.6,20.0,1.532955,2.6,2.700,1.2,0.100
1998-05-30,6980.0,10.8,16.7,1.474702,1.9,0.500,1.1,0.079
1998-05-31,18990.0,8.8,22.6,1.457529,2.6,0.000,3.2,0.000
1998-06-01,18610.0,10.7,21.8,1.218186,2.5,1.500,3.1,0.125
1998-06-02,14710.0,9.9,20.3,1.437501,3.0,7.800,2.5,0.083
1998-06-03,20910.0,12.7,21.1,1.390088,4.9,6.700,3.5,0.092
1998-06-04,18060.0,8.6,19.5,1.188002,3.9,0.000,2.9,0.000
1998-06-05,14090.0,7.9,18.5,1.251533,4.3,5.900,2.3,0.133
1998-06-06,13890.0,10.2,26.5,1.764746,2.6,14.600,2.4,0.175
1998-06-07,6480.0,12.8,18.6,1.553542,2.9,12.000,1.1,0.229
1998-06-08,17520.0,11.4,19.9,1.287268,4.8,0.000,2.9,0.000
1998-06-09,5950.0,14.1,18.6,1.546563,5.2,6.400,1.0,0.129
1998-06-10,14600.0,8.3,18.7,1.215990,3.5,8.000,2.4,0.163
1998-06-11,11810.0,8.2,17.8,1.328433,2.3,15.200,1.9,0.158
1998-06-12,11340.0,3.3,14.9,0.899947,4.3,10.000,1.7,0.325
1998-06-13,26640.0,3.2,16.9,0.804058,2.3,0.000,4.1,0.000
1998-06-14,11460.0,11.5,18.2,1.357771,3.1,2.500,1.8,0.075
1998-06-15,11770.0,9.6,18.5,1.375085,2.0,5.800,1.9,0.083
1998-06-16,12040.0,10.4,18.1,1.357585,4.0,2.500,1.9,0.067
1998-06-17,20220.0,10.3,19.3,1.137368,4.8,0.500,3.3,0.008
1998-06-18,7240.0,11.0,15.5,1.369571,3.0,10.300,1.1,0.400
1998-06-19,8780.0,11.7,20.4,1.670221,2.5,0.900,1.5,0.037
1998-06-20,25950.0,10.7,28.3,1.508836,1.5,0.000,4.8,0.000
1998-06-21,25600.0,17.5,31.7,1.948319,3.4,1.100,5.0,0.050
1998-06-22,21110.0,9.5,21.6,1.264550,4.8,0.200,3.6,0.025
1998-06-23,12180.0,9.8,19.2,1.378479,4.0,1.800,2.0,0.108
1998-06-24,9260.0,14.5,20.9,1.764882,2.5,0.300,1.6,0.033
1998-06-25,17290.0,9.9,27.0,1.595977,4.0,12.200,3.1,0.042
1998-06-26,17080.0,8.0,23.1,1.299533,2.1,0.400,2.9,0.021
1998-06-27,17630.0,10.2,23.9,1.393433,3.7,3.400,3.1,0.062
1998-06-28,15300.0,11.6,18.7,1.445715,4.7,11.200,2.5,0.062
1998-06-29,9920.0,12.1,19.5,1.439872,4.1,7.200,1.6,0.071
1998-06-30,8760.0,12.0,16.9,1.522227,3.6,6.200,1.4,0.125
1998-07-01,14760.0,7.3,19.6,1.229859,3.5,0.400,2.4,0.012
1998-07-02,13400.0,5.8,19.3,1.143972,2.0,0.000,2.2,0.000
1998-07-03,11420.0,12.4,17.2,1.300183,3.3,0.000,1.9,0.000
1998-07-04,8780.0,12.2,18.7,1.508775,4.1,0.000,1.5,0.000
1998-07-05,7720.0,13.4,20.2,1.613279,4.9,3.000,1.3,0.154
1998-07-06,13410.0,7.3,19.9,1.284717,3.8,0.600,2.2,0.017
1998-07-07,14910.0,8.4,16.4,1.114568,4.0,3.800,2.3,0.088
1998-07-08,12280.0,9.0,16.3,1.174179,4.3,0.300,1.9,0.017
1998-07-09,5210.0,10.4,16.4,1.460677,3.9,2.400,0.9,0.133
1998-07-10,14060.0,12.7,21.2,1.628107,2.4,0.200,2.4,0.017
1998-07-11,20020.0,13.7,21.3,1.406325,5.9,2.200,3.4,0.029
1998-07-12,4810.0,12.7,18.4,1.707894,4.7,11.700,0.8,0.592
1998-07-13,17340.0,11.8,19.9,1.326699,5.4,0.400,2.9,0.025
1998-07-14,8550.0,10.8,16.5,1.247061,5.8,0.000,1.4,0.000
1998-07-15,13610.0,11.4,19.2,1.394771,4.0,0.500,2.2,0.029
1998-07-16,10880.0,11.4,18.9,1.514747,3.0,0.400,1.8,0.017
1998-07-17,15920.0,8.3,20.9,1.313692,3.3,0.700,2.6,0.046
1998-07-18,13430.0,12.3,19.1,1.336354,4.7,0.000,2.2,0.000
1998-07-19,24220.0,11.3,22.2,1.358703,3.1,0.000,4.1,0.000
1998-07-20,24940.0,14.0,31.3,1.586523,2.7,0.000,4.8,0.000
1998-07-21,16810.0,15.0,27.0,1.719974,5.0,2.100,3.2,0.025
1998-07-22,25530.0,13.0,23.0,1.421289,3.3,0.000,4.5,0.000
1998-07-23,11620.0,14.5,23.2,1.538337,3.8,0.000,2.1,0.000
1998-07-24,15470.0,10.8,21.0,1.399742,2.4,0.200,2.7,0.017
1998-07-25,21300.0,6.8,21.0,1.078538,1.8,0.000,3.5,0.000
1998-07-26,21180.0,7.5,23.8,1.073380,1.4,0.000,3.6,0.000
1998-07-27,20920.0,9.9,25.4,1.242467,1.8,0.500,3.7,0.075
1998-07-28,10050.0,13.7,21.4,1.622034,2.5,7.400,1.7,0.146
1998-07-29,6950.0,12.6,19.3,1.669835,4.0,2.700,1.2,0.083
1998-07-30,12230.0,13.6,19.2,1.553075,4.4,6.000,2.0,0.058
1998-07-31,10860.0,9.2,20.3,1.439374,4.3,16.800,1.8,0.129
1998-08-01,16680.0,9.1,21.3,1.337881,1.9,0.000,2.8,0.000
1998-08-02,15640.0,10.2,20.6,1.374177,2.4,0.000,2.6,0.000
1998-08-03,19420.0,8.1,23.2,1.293603,3.2,0.000,3.4,0.000
1998-08-04,17470.0,12.4,21.3,1.384094,4.7,0.900,3.0,0.071
1998-08-05,11230.0,8.4,20.3,1.361074,4.0,0.000,1.9,0.000
1998-08-06,23540.0,6.7,25.5,1.094424,3.3,0.000,4.1,0.000
1998-08-07,15370.0,10.4,24.6,1.629579,1.8,0.000,2.7,0.000
1998-08-08,23700.0,11.1,29.3,1.598132,3.2,0.000,4.4,0.000
1998-08-09,23610.0,12.9,24.1,1.344634,3.3,0.000,4.2,0.000
1998-08-10,24120.0,11.5,30.7,1.410658,2.3,0.000,4.5,0.000
1998-08-11,21420.0,15.7,31.0,1.812849,2.3,0.000,4.1,0.000
1998-08-12,17420.0,13.6,29.2,1.893146,2.8,0.000,3.2,0.000
1998-08-13,14210.0,8.7,20.7,1.131595,4.3,0.000,2.4,0.000
1998-08-14,9610.0,10.9,22.1,1.503756,2.9,0.000,1.7,0.000
1998-08-15,18490.0,10.0,26.0,1.219040,3.8,0.000,3.3,0.000
1998-08-16,18780.0,6.2,21.6,1.106206,1.1,0.000,3.1,0.000
1998-08-17,20400.0,8.5,25.8,1.064272,2.9,0.000,3.6,0.000
1998-08-18,8510.0,6.9,22.2,1.380690,1.5,2.100,1.4,0.079
1998-08-19,19950.0,4.7,20.8,1.065826,0.9,0.000,3.2,0.000
1998-08-20,18350.0,7.1,23.4,1.209521,3.9,0.000,3.1,0.000
1998-08-21,6120.0,11.5,18.6,1.507538,6.0,9.200,1.0,0.321
1998-08-22,10760.0,10.4,18.2,1.253336,4.7,4.100,1.7,0.071
1998-08-23,12560.0,9.6,19.1,1.221914,4.8,9.200,2.0,0.233
1998-08-24,8570.0,9.5,16.5,1.204753,5.9,11.400,1.4,0.167
1998-08-25,11050.0,8.8,17.1,1.152268,3.7,0.000,1.8,0.000
1998-08-26,3110.0,8.1,12.9,1.181929,2.3,17.500,0.5,0.363
1998-08-27,15470.0,6.5,16.4,1.024916,3.5,2.800,2.3,0.067
1998-08-28,8740.0,8.5,15.1,1.087513,4.1,0.800,1.3,0.050
1998-08-29,5850.0,7.5,15.0,1.098208,1.5,0.000,0.9,0.000
1998-08-30,8870.0,9.6,17.7,1.326852,1.3,3.300,1.4,0.029
1998-08-31,18820.0,8.8,20.2,1.193678,2.2,0.000,3.0,0.000
1998-09-01,9530.0,10.5,20.4,1.310175,3.3,0.200,1.6,0.037
1998-09-02,4400.0,13.3,19.2,1.608532,3.5,3.200,0.7,0.167
1998-09-03,3450.0,14.7,18.9,1.854329,3.3,9.700,0.6,0.300
1998-09-04,6990.0,14.7,18.9,1.701469,2.7,0.100,1.2,0.012
1998-09-05,5230.0,13.7,18.8,1.611533,3.0,1.700,0.9,0.121
1998-09-06,8760.0,12.8,21.0,1.627075,2.1,0.300,1.5,0.008
1998-09-07,9870.0,10.4,21.4,1.484472,2.4,0.800,1.7,0.033
1998-09-08,10630.0,15.2,22.0,1.767234,4.5,3.500,1.8,0.233
1998-09-09,4460.0,14.8,20.4,1.790778,5.8,9.300,0.8,0.158
1998-09-10,12320.0,14.5,21.6,1.538251,6.3,0.500,2.1,0.025
1998-09-11,13560.0,9.3,19.7,1.245521,4.0,0.000,2.2,0.000
1998-09-12,1820.0,7.0,11.4,1.141242,1.9,16.500,0.3,0.392
1998-09-13,10550.0,7.1,14.5,1.044238,3.8,0.300,1.5,0.042
1998-09-14,2760.0,5.7,13.1,1.174041,4.6,32.700,0.4,0.550
1998-09-15,6830.0,10.5,16.2,1.245461,6.3,9.400,1.1,0.417
1998-09-16,9780.0,9.9,16.6,1.227201,6.4,11.300,1.5,0.196
1998-09-17,5970.0,10.5,15.2,1.379941,4.8,18.800,0.9,0.288
1998-09-18,12450.0,10.3,17.3,1.210934,2.5,0.000,2.0,0.000
1998-09-19,4610.0,13.4,17.1,1.628789,2.1,0.000,0.8,0.000
1998-09-20,11920.0,8.9,20.6,1.383059,2.0,0.000,2.0,0.000
1998-09-21,12290.0,6.4,20.2,1.214552,2.2,0.000,2.0,0.000
1998-09-22,13880.0,8.8,17.5,1.226316,3.5,0.000,2.2,0.000
1998-09-23,13140.0,7.3,17.2,1.237440,2.9,0.000,2.0,0.000
1998-09-24,14090.0,8.7,20.8,1.306143,2.9,0.000,2.3,0.000
1998-09-25,11680.0,8.5,22.5,1.290835,1.8,0.000,2.0,0.000
1998-09-26,10220.0,10.5,22.5,1.467093,2.9,2.800,1.7,0.092
1998-09-27,8020.0,10.5,20.6,1.399222,1.3,3.900,1.3,0.046
1998-09-28,8260.0,8.9,20.1,1.417170,1.1,0.000,1.3,0.000
1998-09-29,9380.0,9.0,19.6,1.338167,1.5,0.000,1.5,0.000
1998-09-30,4080.0,11.4,16.3,1.427177,4.1,1.500,0.7,0.092
1998-10-01,1950.0,7.7,13.7,1.249270,3.8,15.900,0.3,0.454
1998-10-02,4630.0,4.2,7.7,0.748396,4.8,0.000,0.6,0.000
1998-10-03,940.0,4.4,5.8,0.815214,2.6,0.300,0.1,0.046
1998-10-04,1720.0,4.6,7.4,0.913239,2.6,0.000,0.2,0.000
1998-10-05,2860.0,5.5,8.5,0.952082,4.5,0.400,0.4,0.058
1998-10-06,7890.0,5.6,10.6,0.872027,5.4,4.300,1.1,0.154
1998-10-07,2770.0,6.1,9.7,1.001648,2.5,4.300,0.4,0.229
1998-10-08,3210.0,3.9,11.2,0.962490,1.7,9.000,0.4,0.221
1998-10-09,9140.0,4.1,14.1,0.948519,3.2,0.000,1.3,0.000
1998-10-10,4490.0,8.9,13.7,1.199400,5.8,8.200,0.7,0.275
1998-10-11,1810.0,8.8,12.5,1.220171,4.8,7.100,0.3,0.346
1998-10-12,5360.0,7.0,11.6,1.052790,5.1,8.500,0.8,0.171
1998-10-13,6860.0,6.3,14.0,1.051299,4.8,1.200,1.0,0.163
1998-10-14,1130.0,8.4,15.8,1.376960,5.4,5.000,0.2,0.379
1998-10-15,7570.0,7.7,14.6,1.065648,3.8,0.000,1.1,0.000
1998-10-16,7370.0,4.2,15.0,0.915467,3.9,0.000,1.1,0.000
1998-10-17,2140.0,9.4,16.3,1.212309,7.0,2.200,0.3,0.121
1998-10-18,8550.0,-0.4,11.3,0.711751,2.7,1.500,1.1,0.058
1998-10-19,8240.0,-2.1,11.6,0.692048,3.0,1.700,1.1,0.037
1998-10-20,8410.0,1.3,10.8,0.720552,3.5,3.700,1.1,0.067
1998-10-21,1450.0,7.1,13.7,1.087787,6.9,4.100,0.2,0.100
1998-10-22,2040.0,13.0,15.9,1.435668,6.4,0.200,0.3,0.012
1998-10-23,860.0,12.9,15.4,1.379150,6.7,8.300,0.1,0.312
1998-10-24,2660.0,9.1,12.9,1.131802,6.0,10.800,0.4,0.279
1998-10-25,2590.0,5.5,12.5,0.949062,8.1,17.900,0.4,0.358
1998-10-26,2370.0,4.2,8.1,0.848259,4.7,8.000,0.3,0.167
1998-10-27,560.0,4.4,13.5,1.086561,7.8,16.300,0.1,0.513
1998-10-28,3130.0,8.2,14.1,0.994035,9.3,27.900,0.5,0.429
1998-10-29,3000.0,5.3,10.9,0.870603,6.6,12.100,0.4,0.246
1998-10-30,3740.0,4.2,8.0,0.823762,5.1,9.400,0.5,0.192
1998-10-31,4520.0,4.4,8.4,0.882537,4.7,4.600,0.6,0.267
1998-11-01,4860.0,3.8,9.6,0.839243,4.8,14.200,0.6,0.283
1998-11-02,3570.0,4.4,8.5,0.874629,3.5,3.800,0.5,0.117
1998-11-03,2100.0,5.6,9.9,0.921374,5.5,7.300,0.3,0.208
1998-11-04,3830.0,1.6,8.9,0.782992,3.5,1.300,0.5,0.058
1998-11-05,3480.0,2.5,8.2,0.751509,6.3,4.300,0.5,0.221
1998-11-06,5300.0,-0.6,10.9,0.735684,5.1,1.700,0.7,0.071
1998-11-07,3650.0,-0.7,8.8,0.771560,2.3,0.000,0.5,0.000
1998-11-08,1880.0,2.4,10.4,0.848637,3.1,13.200,0.2,0.300
1998-11-09,1100.0,9.7,14.1,1.311738,4.0,10.900,0.2,0.296
1998-11-10,2250.0,3.6,12.4,1.010566,3.7,4.100,0.3,0.112
1998-11-11,5630.0,0.3,10.1,0.732446,2.8,0.000,0.7,0.000
1998-11-12,3540.0,0.8,7.2,0.704533,2.3,0.000,0.4,0.000
1998-11-13,1090.0,2.5,7.8,0.822326,3.8,3.100,0.1,0.183
1998-11-14,1930.0,-0.2,6.8,0.725902,1.8,1.800,0.2,0.154
1998-11-15,1560.0,0.0,4.9,0.734189,1.2,0.000,0.2,0.000
1998-11-16,4180.0,1.4,4.9,0.654133,3.3,0.000,0.5,0.000
1998-11-17,2640.0,-3.3,4.6,0.519308,1.8,0.000,0.3,0.000
1998-11-18,2630.0,-3.2,3.7,0.595512,2.2,0.100,0.3,0.021
1998-11-19,5180.0,-5.7,2.8,0.431248,2.1,0.000,0.5,0.000
1998-11-20,6640.0,-8.2,0.4,0.431840,0.8,0.000,0.6,0.000
1998-11-21,5950.0,-7.1,1.4,0.409093,2.0,0.000,0.5,0.000
1998-11-22,6370.0,-8.8,-2.1,0.330852,2.3,0.000,0.5,0.000
1998-11-23,5340.0,-9.5,-0.9,0.347200,1.5,0.000,0.5,0.000
1998-11-24,4220.0,-6.7,0.0,0.382772,2.1,0.000,0.4,0.000
1998-11-25,2760.0,-1.9,1.9,0.556415,1.5,0.500,0.3,0.133
1998-11-26,1090.0,-1.1,4.2,0.636455,3.5,2.800,0.1,0.179
1998-11-27,1170.0,4.2,7.1,0.891551,3.0,0.600,0.2,0.042
1998-11-28,2780.0,2.4,7.2,0.754094,2.4,0.000,0.3,0.000
1998-11-29,1440.0,1.2,2.9,0.628285,2.6,1.200,0.2,0.083
1998-11-30,380.0,-0.2,1.8,0.585512,4.2,0.000,0.0,0.000
1998-12-01,2690.0,-3.7,0.3,0.472726,4.1,0.000,0.3,0.000
1998-12-02,1130.0,-3.6,-1.9,0.405223,3.7,0.000,0.1,0.000
1998-12-03,1000.0,-6.6,-1.3,0.419556,1.5,0.000,0.1,0.000
1998-12-04,1230.0,-1.9,1.3,0.550865,3.3,2.200,0.1,0.167
1998-12-05,1970.0,-1.4,1.3,0.604471,4.8,2.400,0.2,0.163
1998-12-06,2820.0,-2.2,3.0,0.517467,3.6,1.200,0.3,0.062
1998-12-07,3490.0,-10.0,2.5,0.391495,1.3,0.000,0.3,0.000
1998-12-08,2410.0,-11.0,-1.8,0.372787,1.7,0.000,0.2,0.000
1998-12-09,760.0,-1.8,2.3,0.581242,2.9,3.900,0.1,0.496
1998-12-10,880.0,0.6,2.6,0.676209,2.3,1.800,0.1,0.238
1998-12-11,1480.0,-0.3,6.2,0.720717,2.6,0.100,0.2,0.008
1998-12-12,510.0,5.8,12.4,1.137915,4.8,4.800,0.1,0.238
1998-12-13,710.0,6.3,13.3,1.014815,8.9,5.200,0.1,0.088
1998-12-14,700.0,7.1,12.3,1.148127,5.4,0.900,0.1,0.071
1998-12-15,300.0,7.2,12.0,1.140938,4.9,14.600,0.0,0.413
1998-12-16,2200.0,4.8,7.5,0.913089,4.3,1.500,0.3,0.033
1998-12-17,2760.0,3.1,9.7,0.670419,3.9,0.000,0.4,0.000
1998-12-18,320.0,3.6,6.9,0.733624,5.2,1.100,0.0,0.092
1998-12-19,1090.0,3.4,7.8,0.796088,6.4,6.700,0.1,0.154
1998-12-20,3110.0,-0.6,5.0,0.622312,3.1,0.300,0.4,0.021
1998-12-21,3280.0,-1.5,3.8,0.611690,2.7,0.000,0.4,0.000
1998-12-22,750.0,0.1,4.5,0.678255,3.4,1.600,0.1,0.075
1998-12-23,1730.0,2.1,6.0,0.714061,4.8,0.200,0.2,0.017
1998-12-24,1100.0,0.3,3.3,0.637235,4.5,1.400,0.1,0.088
1998-12-25,310.0,2.8,8.7,0.864803,8.0,3.900,0.0,0.238
1998-12-26,2620.0,5.7,11.1,0.923978,8.1,4.300,0.4,0.242
1998-12-27,1730.0,6.3,11.2,0.828858,7.7,3.400,0.2,0.183
1998-12-28,400.0,4.8,9.9,0.888605,5.2,4.900,0.1,0.229
1998-12-29,2870.0,3.7,6.7,0.745319,3.8,0.000,0.4,0.000
1998-12-30,3260.0,3.1,10.3,0.760685,3.1,0.000,0.4,0.000
1998-12-31,2160.0,2.3,9.3,0.681740,3.2,0.000,0.3,0.000
1999-01-01,1910.0,2.3,9.2,0.663529,2.8,0.000,0.2,0.000
1999-01-02,1140.0,5.0,9.4,0.830228,4.7,1.200,0.2,0.108
1999-01-03,1190.0,3.2,7.2,0.767654,5.1,9.200,0.2,0.263
1999-01-04,390.0,4.4,12.8,1.063513,6.2,5.600,0.1,0.279
1999-01-05,3360.0,9.8,13.8,1.215153,5.5,1.000,0.5,0.062
1999-01-06,3490.0,8.8,14.2,0.900796,6.7,0.000,0.5,0.000
1999-01-07,1450.0,5.3,10.1,0.877050,5.0,3.100,0.2,0.138
1999-01-08,940.0,3.7,6.4,0.762747,6.3,6.700,0.1,0.300
1999-01-09,1010.0,-2.9,3.7,0.593015,3.6,2.300,0.1,0.117
1999-01-10,5890.0,-6.8,-0.2,0.415243,2.0,0.000,0.6,0.000
1999-01-11,1890.0,-4.2,-0.7,0.438892,4.2,0.000,0.2,0.000
1999-01-12,2370.0,-3.4,1.0,0.506850,4.9,1.900,0.2,0.192
1999-01-13,1910.0,-1.1,4.3,0.655567,5.5,3.300,0.2,0.221
1999-01-14,1680.0,3.1,6.3,0.726234,7.0,3.200,0.2,0.175
1999-01-15,1010.0,5.2,8.5,0.847461,7.6,1.900,0.1,0.183
1999-01-16,280.0,4.8,10.4,0.944928,7.0,11.900,0.0,0.575
1999-01-17,1710.0,3.2,7.2,0.817203,3.8,2.000,0.2,0.104
1999-01-18,4140.0,2.0,7.5,0.738085,4.3,0.000,0.5,0.000
1999-01-19,2300.0,5.0,10.1,0.766696,7.9,0.000,0.3,0.000
1999-01-20,2150.0,7.4,12.0,0.870558,5.5,0.000,0.3,0.000
1999-01-21,890.0,6.4,8.0,0.904405,2.3,0.200,0.1,0.029
1999-01-22,2150.0,-1.6,7.0,0.767536,1.5,0.000,0.2,0.000
1999-01-23,920.0,-1.4,5.4,0.692740,2.3,0.000,0.1,0.000
1999-01-24,800.0,3.6,7.3,0.856692,5.3,1.400,0.1,0.088
1999-01-25,350.0,6.7,11.8,1.043493,8.0,2.100,0.1,0.146
1999-01-26,3260.0,2.9,7.2,0.759723,4.8,9.400,0.4,0.188
1999-01-27,2710.0,2.5,7.1,0.721487,4.0,1.500,0.3,0.058
1999-01-28,970.0,0.1,5.3,0.677290,3.8,7.500,0.1,0.325
1999-01-29,5790.0,-7.4,0.2,0.356241,3.0,0.000,0.6,0.000
1999-01-30,6750.0,-7.6,3.6,0.368406,1.8,0.000,0.7,0.000
1999-01-31,3730.0,-6.2,3.2,0.459239,1.4,0.200,0.4,0.037
1999-02-01,1100.0,2.3,6.5,0.810577,3.1,0.600,0.1,0.042
1999-02-02,1300.0,4.3,6.3,0.859858,3.5,0.000,0.2,0.000
1999-02-03,1380.0,4.4,7.9,0.913672,4.3,0.500,0.2,0.054
1999-02-04,650.0,6.8,11.0,0.923969,7.7,0.300,0.1,0.042
1999-02-05,3520.0,0.9,7.2,0.653213,9.0,5.600,0.4,0.142
1999-02-06,5220.0,0.9,5.5,0.638115,5.5,0.700,0.6,0.050
1999-02-07,5040.0,-0.7,3.3,0.599809,4.5,5.900,0.5,0.271
1999-02-08,5780.0,-2.7,3.1,0.567063,4.1,0.900,0.6,0.088
1999-02-09,2190.0,-4.6,0.3,0.466778,1.9,0.000,0.2,0.000
1999-02-10,4270.0,-2.9,2.7,0.528525,3.3,1.200,0.5,0.075
1999-02-11,3500.0,-1.6,2.2,0.504988,2.3,0.100,0.4,0.017
1999-02-12,4730.0,-8.4,0.5,0.337549,1.5,0.000,0.5,0.000
1999-02-13,7980.0,-10.7,1.4,0.341272,2.2,0.000,0.7,0.000
1999-02-14,6440.0,-8.9,0.3,0.349342,2.1,0.200,0.6,0.042
1999-02-15,1380.0,-1.8,1.6,0.589911,4.8,0.700,0.1,0.067
1999-02-16,4070.0,1.1,5.8,0.667350,7.8,6.400,0.5,0.233
1999-02-17,7320.0,-1.3,4.9,0.579648,6.9,4.300,0.8,0.179
1999-02-18,6330.0,-2.6,6.0,0.525556,3.5,0.200,0.7,0.033
1999-02-19,1000.0,4.4,9.6,0.998007,4.9,8.800,0.1,0.354
1999-02-20,6430.0,3.8,8.5,0.772743,3.7,0.000,0.8,0.000
1999-02-21,1480.0,1.9,5.9,0.739116,5.3,8.000,0.2,0.250
1999-02-22,4240.0,0.0,3.6,0.626511,6.0,7.600,0.5,0.292
1999-02-23,6580.0,0.9,7.2,0.627820,5.4,1.400,0.8,0.037
1999-02-24,7700.0,-2.9,6.4,0.575837,3.1,0.400,0.9,0.008
1999-02-25,7170.0,-3.6,5.7,0.524799,4.3,0.200,0.8,0.033
1999-02-26,1470.0,3.7,7.8,0.831952,5.3,1.100,0.2,0.050
1999-02-27,2650.0,3.8,8.1,0.824962,5.2,1.200,0.3,0.071
1999-02-28,7290.0,3.7,10.3,0.772871,6.8,0.300,1.0,0.025
1999-03-01,890.0,3.1,11.4,0.994042,7.0,24.600,0.1,0.617
1999-03-02,1490.0,2.9,12.4,0.988198,4.3,12.700,0.2,0.400
1999-03-03,5630.0,6.3,12.2,0.934134,6.4,1.200,0.8,0.042
1999-03-04,3850.0,4.3,9.0,0.797941,3.2,0.900,0.5,0.050
1999-03-05,4430.0,1.7,8.2,0.748196,2.2,0.000,0.6,0.000
1999-03-06,3240.0,3.5,5.6,0.759463,4.9,0.000,0.4,0.000
1999-03-07,4380.0,1.8,5.6,0.674694,5.5,0.000,0.5,0.000
1999-03-08,2660.0,1.6,5.1,0.704927,3.1,5.300,0.3,0.454
1999-03-09,1920.0,3.5,4.6,0.778495,2.9,2.000,0.2,0.192
1999-03-10,1960.0,0.6,5.0,0.728982,1.8,0.000,0.2,0.000
1999-03-11,8660.0,-3.8,7.4,0.585824,2.6,0.000,1.0,0.000
1999-03-12,12520.0,0.5,13.8,0.736303,4.1,0.000,1.7,0.000
1999-03-13,9790.0,5.6,17.3,1.077629,2.3,0.000,1.5,0.000
1999-03-14,10240.0,1.5,13.4,0.732434,1.8,0.000,1.4,0.000
1999-03-15,10930.0,-1.0,11.2,0.696259,1.3,0.000,1.4,0.000
1999-03-16,12640.0,-2.7,9.6,0.620935,2.4,0.000,1.6,0.000
1999-03-17,11450.0,0.4,11.7,0.659345,1.3,0.100,1.5,0.033
1999-03-18,8190.0,-1.3,11.9,0.623245,2.6,6.200,1.1,0.200
1999-03-19,4100.0,3.3,7.8,0.753934,4.0,1.900,0.5,0.050
1999-03-20,3890.0,1.6,6.8,0.760909,3.3,1.700,0.5,0.175
1999-03-21,2330.0,4.1,7.3,0.840048,4.8,4.800,0.3,0.337
1999-03-22,3360.0,3.6,6.2,0.755615,4.1,6.200,0.4,0.246
1999-03-23,6930.0,2.5,9.7,0.822975,4.5,4.600,0.9,0.300
1999-03-24,4380.0,2.6,10.0,0.805420,4.5,0.000,0.6,0.000
1999-03-25,14640.0,1.6,17.5,0.842559,3.8,0.000,2.2,0.000
1999-03-26,5910.0,8.3,13.9,1.129625,3.2,3.000,0.9,0.108
1999-03-27,13330.0,3.4,11.8,0.744888,2.8,0.700,1.8,0.046
1999-03-28,13930.0,-1.3,10.3,0.641018,1.9,0.000,1.7,0.000
1999-03-29,17570.0,-3.4,14.5,0.559587,2.5,0.000,2.4,0.000
1999-03-30,13530.0,7.0,17.4,0.982424,3.3,0.000,2.1,0.000
1999-03-31,13360.0,7.9,18.2,1.038055,1.9,0.000,2.1,0.000
1999-04-01,16580.0,8.0,19.2,0.851056,4.3,0.000,2.7,0.000
1999-04-02,16750.0,8.9,20.5,0.776656,4.2,0.000,2.7,0.000
1999-04-03,8260.0,4.9,15.6,1.022525,1.7,5.700,1.3,0.283
1999-04-04,3040.0,5.4,12.4,1.077595,3.7,6.400,0.5,0.150
1999-04-05,6110.0,6.7,14.3,1.145944,4.0,0.200,0.9,0.021
1999-04-06,8360.0,10.2,17.4,1.386105,5.8,2.400,1.3,0.046
1999-04-07,8730.0,7.8,13.5,1.085811,5.2,6.700,1.3,0.125
1999-04-08,6800.0,3.3,11.7,0.880317,3.7,0.000,1.0,0.000
1999-04-09,8940.0,0.1,14.6,0.914231,3.1,0.000,1.3,0.000
1999-04-10,7360.0,9.3,14.5,1.215630,4.8,1.900,1.1,0.112
1999-04-11,11120.0,6.8,12.1,0.884465,5.1,1.700,1.6,0.046
1999-04-12,6120.0,5.6,11.9,0.907890,5.8,10.600,0.8,0.342
1999-04-13,11330.0,0.3,9.8,0.654318,5.1,9.100,1.5,0.258
1999-04-14,9060.0,0.3,6.3,0.636734,3.6,4.300,1.1,0.196
1999-04-15,13470.0,-1.0,9.6,0.573918,2.7,1.100,1.6,0.042
1999-04-16,15210.0,-1.4,10.6,0.644454,2.7,0.000,1.9,0.000
1999-04-17,11630.0,-2.3,11.9,0.620175,1.8,1.700,1.4,0.042
1999-04-18,18290.0,-1.6,11.4,0.595143,3.3,0.000,2.3,0.000
1999-04-19,21070.0,-3.1,11.7,0.488072,1.3,0.000,2.6,0.000
1999-04-20,20960.0,-1.0,14.6,0.560105,4.0,0.000,3.0,0.000
1999-04-21,14880.0,7.8,18.0,1.039828,4.0,4.800,2.3,0.204
1999-04-22,9170.0,7.6,14.5,1.090287,4.5,4.800,1.4,0.075
1999-04-23,17310.0,5.3,17.2,0.912807,2.3,0.000,2.6,0.000
1999-04-24,13910.0,8.8,16.6,1.104750,2.7,0.300,2.2,0.025
1999-04-25,13380.0,5.8,17.1,1.022021,2.0,0.000,2.1,0.000
1999-04-26,21110.0,10.2,18.1,1.276557,4.1,0.000,3.4,0.000
1999-04-27,13440.0,7.8,18.5,1.178770,4.8,0.600,2.1,0.021
1999-04-28,17900.0,6.4,18.5,1.054002,3.8,0.000,2.8,0.000
1999-04-29,22320.0,4.4,16.2,0.812525,4.2,0.000,3.3,0.000
1999-04-30,25020.0,0.1,19.4,0.608686,2.4,0.000,3.8,0.000
1999-05-01,18560.0,4.2,17.1,0.967034,2.6,0.000,2.7,0.000
1999-05-02,24910.0,2.8,17.0,0.767738,2.4,0.000,3.7,0.000
1999-05-03,24710.0,4.2,17.8,0.846474,3.4,0.000,3.8,0.000
1999-05-04,21370.0,4.9,18.6,0.769191,5.3,0.000,3.3,0.000
1999-05-05,15060.0,9.2,18.0,0.911305,5.5,3.200,2.4,0.163
1999-05-06,3910.0,8.3,11.2,1.081904,4.5,12.500,0.6,0.454
1999-05-07,12480.0,9.7,18.4,1.389408,2.3,0.300,2.0,0.021
1999-05-08,15650.0,11.4,18.6,1.224494,4.8,2.500,2.6,0.075
1999-05-09,21570.0,8.7,20.4,1.222357,3.3,0.000,3.6,0.000
1999-05-10,9580.0,9.7,19.7,1.353148,2.8,6.400,1.6,0.067
1999-05-11,11540.0,9.4,16.1,1.230204,3.1,2.800,1.8,0.029
1999-05-12,14660.0,9.2,17.1,1.170777,4.0,2.800,2.3,0.012
1999-05-13,13510.0,8.3,16.4,1.190960,4.4,0.500,2.1,0.021
1999-05-14,14590.0,7.1,16.0,1.208467,2.8,3.500,2.2,0.054
1999-05-15,16120.0,1.7,13.3,0.777178,3.2,0.100,2.3,0.008
1999-05-16,11710.0,-0.8,13.9,0.724842,1.4,0.000,1.6,0.000
1999-05-17,24850.0,7.1,17.1,0.775361,5.3,0.000,3.9,0.000
1999-05-18,27640.0,8.5,20.7,0.752458,6.5,0.000,4.6,0.000
1999-05-19,21310.0,8.6,21.8,1.159501,2.5,0.000,3.6,0.000
1999-05-20,15250.0,8.8,20.8,1.291022,2.9,6.100,2.5,0.121
1999-05-21,16840.0,8.0,21.3,1.233016,2.9,0.000,2.7,0.000
1999-05-22,19180.0,5.6,16.7,0.887491,4.1,2.600,2.9,0.083
1999-05-23,13810.0,7.3,18.5,1.158343,4.6,0.000,2.2,0.000
1999-05-24,8060.0,10.4,17.5,1.359097,3.8,0.000,1.3,0.000
1999-05-25,19470.0,3.8,18.5,0.918728,3.4,0.000,3.1,0.000
1999-05-26,26970.0,2.1,21.4,0.903339,1.9,0.000,4.3,0.000
1999-05-27,27390.0,5.4,26.4,0.981955,2.3,0.000,4.9,0.000
1999-05-28,17310.0,12.3,24.7,1.594932,3.2,0.100,3.1,0.012
1999-05-29,25090.0,8.1,27.4,1.324770,2.4,12.600,4.6,0.071
1999-05-30,8210.0,10.7,19.6,1.578595,3.7,0.800,1.4,0.046
1999-05-31,20570.0,8.5,18.4,1.184320,2.7,11.300,3.2,0.204
1999-06-01,22210.0,7.2,21.3,1.275399,1.9,0.000,3.7,0.000
1999-06-02,17390.0,10.7,27.6,1.792904,3.5,8.300,3.1,0.054
1999-06-03,19750.0,12.5,21.1,1.373361,4.9,1.500,3.4,0.037
1999-06-04,9460.0,11.8,17.8,1.408338,4.8,5.000,1.5,0.112
1999-06-05,11310.0,9.6,17.1,1.239027,2.9,17.200,1.8,0.321
1999-06-06,20030.0,10.0,17.9,1.186317,5.4,0.900,3.2,0.029
1999-06-07,17250.0,6.6,19.5,1.139858,2.7,2.200,2.8,0.075
1999-06-08,17970.0,9.8,17.5,1.113682,4.3,2.200,2.8,0.021
1999-06-09,15740.0,7.7,17.4,1.104829,3.8,1.500,2.5,0.037
1999-06-10,22150.0,7.3,20.0,1.137565,2.6,0.000,3.6,0.000
1999-06-11,12100.0,9.3,17.4,1.245689,2.3,1.600,1.9,0.050
1999-06-12,21330.0,4.8,18.3,1.035744,1.6,0.000,3.4,0.000
1999-06-13,17860.0,9.4,22.4,1.357670,2.9,0.000,3.1,0.000
1999-06-14,25860.0,11.1,24.4,1.345930,2.3,0.000,4.6,0.000
1999-06-15,26210.0,10.9,23.9,1.227448,2.7,0.000,4.6,0.000
1999-06-16,25680.0,11.8,24.7,1.473422,1.9,0.000,4.5,0.000
1999-06-17,19810.0,10.2,25.5,1.448192,3.6,0.400,3.5,0.033
1999-06-18,23020.0,4.1,19.2,0.908958,3.1,0.000,3.6,0.000
1999-06-19,30060.0,2.0,22.4,0.826910,1.5,0.000,4.9,0.000
1999-06-20,6220.0,7.7,16.3,1.020692,4.3,7.300,1.0,0.179
1999-06-21,18260.0,5.0,17.0,1.007786,2.5,1.900,2.8,0.075
1999-06-22,18800.0,4.0,17.2,0.936485,2.2,0.100,2.8,0.017
1999-06-23,18920.0,7.0,18.8,1.032610,1.9,0.200,3.0,0.021
1999-06-24,20530.0,8.5,19.6,1.074009,2.2,0.100,3.3,0.012
1999-06-25,29160.0,4.3,18.7,0.954448,3.0,0.000,4.6,0.000
1999-06-26,29730.0,6.6,22.8,0.967456,2.1,0.000,5.0,0.000
1999-06-27,16000.0,11.4,23.9,1.534170,3.3,20.200,2.9,0.158
1999-06-28,21540.0,12.8,20.0,1.340240,4.9,0.200,3.6,0.012
1999-06-29,10940.0,15.2,21.1,1.712728,5.0,0.000,1.9,0.000
1999-06-30,12920.0,12.1,20.8,1.488366,3.0,0.600,2.2,0.017
1999-07-01,12440.0,8.7,19.1,1.308662,2.8,1.800,2.1,0.079
1999-07-02,13550.0,14.5,22.7,1.763623,3.0,0.000,2.4,0.000
1999-07-03,22590.0,13.7,30.3,1.776698,3.6,0.000,4.2,0.000
1999-07-04,17730.0,14.6,25.0,1.748056,2.6,0.400,3.3,0.033
1999-07-05,9540.0,15.2,21.8,1.952063,3.6,21.500,1.7,0.183
1999-07-06,18000.0,11.9,22.4,1.631305,2.6,0.000,3.1,0.000
1999-07-07,18200.0,10.9,24.2,1.648582,1.3,19.400,3.1,0.154
1999-07-08,19120.0,12.2,23.3,1.568830,3.2,0.000,3.3,0.000
1999-07-09,27170.0,10.7,25.5,1.393954,3.3,0.000,4.9,0.000
1999-07-10,25120.0,12.6,27.3,1.563326,3.8,0.000,4.6,0.000
1999-07-11,27270.0,16.8,28.0,1.701905,3.8,0.000,5.2,0.000
1999-07-12,22160.0,15.5,29.3,2.001315,2.8,8.700,4.2,0.050
1999-07-13,17830.0,15.1,26.6,2.111886,2.6,1.300,3.3,0.025
1999-07-14,16350.0,12.8,21.0,1.418375,4.7,1.000,2.8,0.021
1999-07-15,16400.0,10.0,20.3,1.233317,3.0,1.700,2.7,0.037
1999-07-16,19080.0,7.2,21.8,1.226115,2.4,0.000,3.2,0.000
1999-07-17,23410.0,10.1,24.5,1.586622,2.9,0.000,4.1,0.000
1999-07-18,23850.0,12.4,29.1,1.606349,1.7,0.000,4.5,0.000
1999-07-19,20900.0,14.5,29.5,1.980018,2.6,2.700,3.9,0.058
1999-07-20,17010.0,17.0,26.3,1.952025,4.7,1.000,3.1,0.033
1999-07-21,12740.0,13.3,20.4,1.318146,5.9,0.900,2.2,0.042
1999-07-22,10860.0,12.8,20.1,1.414063,5.3,10.800,1.8,0.312
1999-07-23,11640.0,12.3,18.3,1.345398,3.5,0.000,1.9,0.000
1999-07-24,20050.0,12.0,25.6,1.702527,2.4,0.000,3.6,0.000
1999-07-25,20040.0,11.1,27.3,1.731162,2.7,0.000,3.6,0.000
1999-07-26,19730.0,8.7,21.3,1.249297,3.9,0.000,3.3,0.000
1999-07-27,27020.0,7.0,22.1,1.084421,3.9,0.000,4.5,0.000
1999-07-28,26890.0,9.2,25.2,1.081683,3.8,0.000,4.8,0.000
1999-07-29,26050.0,13.4,27.3,1.234592,3.3,0.000,4.8,0.000
1999-07-30,24520.0,11.4,29.0,1.180888,2.3,0.000,4.6,0.000
1999-07-31,22940.0,16.4,29.7,1.148389,3.0,0.000,4.4,0.000
1999-08-01,21370.0,14.9,30.8,1.165195,2.7,0.000,4.1,0.000
1999-08-02,23940.0,16.7,30.4,0.990876,3.2,0.000,4.6,0.000
1999-08-03,21830.0,16.0,30.4,1.332148,2.9,0.000,4.2,0.000
1999-08-04,18970.0,12.6,30.2,1.344556,2.1,0.000,3.6,0.000
1999-08-05,11140.0,14.8,25.5,1.714444,2.9,0.800,2.0,0.062
1999-08-06,22090.0,12.8,27.1,1.438475,2.0,0.000,4.0,0.000
1999-08-07,3420.0,15.9,19.6,1.820498,3.0,5.100,0.6,0.121
1999-08-08,11690.0,12.2,23.5,1.622676,1.5,0.000,2.1,0.000
1999-08-09,14580.0,12.2,22.7,1.600108,2.9,1.300,2.6,0.042
1999-08-10,7260.0,12.4,20.5,1.701567,2.0,16.400,1.2,0.217
1999-08-11,13000.0,9.8,19.4,1.162099,2.7,0.000,2.2,0.000
1999-08-12,10550.0,7.6,18.1,1.056693,1.1,0.000,1.7,0.000
1999-08-13,16030.0,6.3,20.7,1.107383,1.5,0.000,2.6,0.000
1999-08-14,9230.0,13.6,20.1,1.508320,3.8,14.100,1.5,0.367
1999-08-15,15750.0,11.7,19.7,1.314162,4.8,3.300,2.6,0.050
1999-08-16,15680.0,11.7,20.1,1.419798,2.5,0.400,2.6,0.012
1999-08-17,9820.0,10.0,17.3,1.276894,2.8,1.000,1.6,0.067
1999-08-18,11850.0,12.3,21.5,1.500126,4.0,11.400,2.0,0.196
1999-08-19,8510.0,12.4,18.5,1.386821,5.9,10.100,1.4,0.163
1999-08-20,5720.0,9.8,17.5,1.351564,4.6,7.900,0.9,0.163
1999-08-21,12410.0,5.9,18.6,1.055124,2.4,0.100,1.9,0.012
1999-08-22,10550.0,5.1,17.5,0.934814,1.3,0.000,1.7,0.000
1999-08-23,14050.0,10.9,18.9,1.198093,2.4,0.000,2.3,0.000
1999-08-24,19090.0,9.8,23.7,1.265757,3.5,0.000,3.3,0.000
1999-08-25,14300.0,16.5,26.3,1.580821,3.5,0.000,2.7,0.000
1999-08-26,11880.0,14.8,25.6,1.825323,3.6,0.000,2.2,0.000
1999-08-27,9310.0,13.1,21.0,1.614071,2.6,0.000,1.6,0.000
1999-08-28,14960.0,10.9,22.4,1.464732,1.5,0.000,2.5,0.000
1999-08-29,14700.0,7.9,22.8,1.254406,1.0,0.000,2.5,0.000
1999-08-30,13950.0,11.0,23.6,1.407179,2.2,1.200,2.4,0.017
1999-08-31,9570.0,8.9,20.1,1.387941,2.8,0.000,1.6,0.000
1999-09-01,5380.0,12.1,18.1,1.560816,0.7,0.000,0.9,0.000
1999-09-02,15890.0,12.5,24.0,1.634835,1.6,0.000,2.8,0.000
1999-09-03,18930.0,8.6,24.9,1.168683,3.1,0.000,3.3,0.000
1999-09-04,15690.0,12.1,26.2,1.564932,2.5,0.000,2.8,0.000
1999-09-05,17270.0,10.3,26.5,1.295610,1.8,0.000,3.0,0.000
1999-09-06,16050.0,10.2,26.5,1.469111,2.2,0.000,2.9,0.000
1999-09-07,14720.0,14.5,24.2,1.728762,3.2,0.000,2.6,0.000
1999-09-08,14370.0,14.0,24.8,1.612829,2.5,0.000,2.6,0.000
1999-09-09,15540.0,14.5,26.8,1.598104,2.9,0.000,2.9,0.000
1999-09-10,11210.0,16.7,25.0,1.932582,2.8,0.000,2.0,0.000
1999-09-11,16800.0,16.5,29.7,1.449466,3.0,0.000,3.2,0.000
1999-09-12,15730.0,16.0,29.8,1.699822,2.2,0.000,3.0,0.000
1999-09-13,14900.0,15.7,30.1,1.629755,1.8,0.000,2.8,0.000
1999-09-14,8310.0,14.5,23.4,1.876127,1.5,0.300,1.5,0.017
1999-09-15,11170.0,14.8,24.6,1.939800,2.2,32.200,2.0,0.158
1999-09-16,13950.0,11.5,20.3,1.291043,3.7,2.100,2.3,0.033
1999-09-17,4410.0,12.3,16.6,1.473230,2.4,7.200,0.7,0.317
1999-09-18,10560.0,11.7,18.3,1.465730,2.3,0.000,1.7,0.000
1999-09-19,9820.0,12.2,22.0,1.553666,3.8,0.000,1.7,0.000
1999-09-20,7230.0,15.3,22.7,1.711674,3.3,0.200,1.3,0.025
1999-09-21,11360.0,13.4,21.5,1.384230,3.4,0.000,1.9,0.000
1999-09-22,6310.0,12.6,21.1,1.586579,2.5,1.500,1.1,0.046
1999-09-23,9250.0,16.1,22.2,1.653819,4.0,0.500,1.6,0.033
1999-09-24,11120.0,15.0,22.5,1.513517,4.0,0.000,2.0,0.000
1999-09-25,11940.0,13.3,21.3,1.409301,3.8,0.000,2.0,0.000
1999-09-26,7960.0,12.2,18.8,1.388219,4.5,2.600,1.3,0.042
1999-09-27,6540.0,11.2,17.6,1.353191,5.0,1.400,1.1,0.067
1999-09-28,8470.0,12.5,18.7,1.371193,5.3,0.800,1.4,0.012
1999-09-29,7910.0,12.9,19.6,1.565653,5.1,12.200,1.3,0.096
1999-09-30,4350.0,12.2,17.1,1.488784,4.4,8.500,0.7,0.096
1999-10-01,7340.0,11.7,16.1,1.172409,7.1,2.300,1.2,0.079
1999-10-02,4920.0,9.3,17.8,1.269841,6.7,6.300,0.8,0.188
1999-10-03,7170.0,8.4,13.5,1.050919,5.5,2.600,1.1,0.042
1999-10-04,5700.0,7.3,13.4,1.087906,2.9,2.600,0.8,0.088
1999-10-05,10160.0,4.2,14.8,0.871402,3.0,0.500,1.4,0.025
1999-10-06,7020.0,5.3,13.8,0.959617,2.6,1.500,1.0,0.058
1999-10-07,5090.0,7.1,13.8,1.015672,3.7,1.000,0.8,0.100
1999-10-08,2060.0,9.7,13.7,1.289181,4.2,2.100,0.3,0.167
1999-10-09,2950.0,11.7,15.7,1.398235,4.5,1.300,0.5,0.092
1999-10-10,2370.0,13.4,16.2,1.536032,4.4,1.300,0.4,0.062
1999-10-11,5490.0,5.1,15.4,1.029701,3.0,2.100,0.8,0.079
1999-10-12,9650.0,1.5,15.3,0.830961,1.7,0.000,1.3,0.000
1999-10-13,10020.0,0.1,14.6,0.758506,1.1,0.000,1.3,0.000
1999-10-14,4410.0,2.7,15.7,0.943188,1.8,0.000,0.6,0.000
1999-10-15,3720.0,3.5,14.3,0.951262,1.5,0.000,0.6,0.000
1999-10-16,10790.0,-0.8,13.1,0.641251,2.5,0.000,1.4,0.000
1999-10-17,10700.0,1.0,10.7,0.655947,3.3,0.000,1.4,0.000
1999-10-18,9950.0,1.0,9.3,0.697834,4.0,0.000,1.2,0.000
1999-10-19,8840.0,1.4,9.7,0.635862,4.6,0.000,1.1,0.000
1999-10-20,9730.0,1.1,9.4,0.543909,5.7,0.000,1.2,0.000
1999-10-21,3970.0,0.6,7.4,0.628860,5.1,0.900,0.5,0.117
1999-10-22,4630.0,5.9,15.0,1.062043,3.1,0.200,0.7,0.017
1999-10-23,7500.0,11.1,18.0,1.288173,3.4,2.600,1.2,0.075
1999-10-24,2990.0,9.8,14.2,1.158581,3.8,0.500,0.5,0.025
1999-10-25,6400.0,9.4,16.3,1.150809,4.5,2.300,1.0,0.037
1999-10-26,2540.0,10.5,14.4,1.251143,4.9,0.500,0.4,0.021
1999-10-27,4760.0,8.4,14.8,1.163349,4.6,0.000,0.7,0.000
1999-10-28,3180.0,6.4,11.2,1.099236,2.6,0.000,0.5,0.000
1999-10-29,6870.0,9.4,13.7,1.222651,2.0,0.000,1.0,0.000
1999-10-30,5270.0,8.7,18.6,1.284478,3.4,2.400,0.8,0.050
1999-10-31,5420.0,8.6,15.0,1.076478,5.7,1.600,0.8,0.037
1999-11-01,4040.0,7.5,17.2,1.074903,5.2,0.400,0.6,0.017
1999-11-02,2010.0,6.2,16.0,1.172939,3.6,0.600,0.3,0.050
1999-11-03,6810.0,4.1,14.7,0.966277,2.4,0.000,0.9,0.000
1999-11-04,6710.0,1.6,12.2,0.720204,1.8,0.000,0.9,0.000
1999-11-05,4920.0,3.4,12.2,0.768663,4.2,0.100,0.7,0.008
1999-11-06,1500.0,6.9,10.3,0.942450,8.0,7.800,0.2,0.396
1999-11-07,4520.0,7.2,13.4,1.048692,4.0,7.700,0.7,0.121
1999-11-08,2680.0,3.2,9.5,0.889294,1.5,0.200,0.4,0.025
1999-11-09,1600.0,5.8,10.5,1.013447,1.8,1.100,0.2,0.092
1999-11-10,3710.0,4.9,9.1,0.852131,4.8,0.600,0.5,0.042
1999-11-11,3290.0,-1.4,9.9,0.676585,3.7,0.000,0.4,0.000
1999-11-12,6040.0,-2.5,7.0,0.599599,2.0,0.000,0.7,0.000
1999-11-13,2610.0,-2.3,8.1,0.760152,1.5,0.800,0.3,0.058
1999-11-14,2670.0,-2.8,10.4,0.659741,3.0,0.300,0.4,0.017
1999-11-15,6260.0,-6.3,4.7,0.411788,1.0,0.000,0.6,0.000
1999-11-16,4220.0,-6.1,2.3,0.430739,2.7,0.300,0.4,0.021
1999-11-17,2140.0,0.8,6.8,0.696091,4.3,0.500,0.3,0.042
1999-11-18,1400.0,-1.7,2.6,0.584876,4.3,3.700,0.2,0.175
1999-11-19,2840.0,0.6,3.6,0.604255,4.4,3.900,0.3,0.179
1999-11-20,2030.0,-1.7,3.1,0.507524,4.0,0.500,0.2,0.046
1999-11-21,2960.0,-1.9,2.7,0.562377,1.6,1.100,0.3,0.121
1999-11-22,720.0,0.2,5.9,0.732402,4.6,13.600,0.1,0.758
1999-11-23,1760.0,2.9,8.8,0.885931,2.5,0.500,0.2,0.029
1999-11-24,620.0,6.3,8.2,0.988466,3.7,0.000,0.1,0.000
1999-11-25,720.0,7.0,9.1,1.000250,5.4,3.700,0.1,0.121
1999-11-26,3190.0,4.9,11.3,0.875428,5.1,0.000,0.5,0.000
1999-11-27,920.0,4.4,8.3,0.827206,5.0,2.900,0.1,0.117
1999-11-28,2140.0,6.4,11.3,0.855448,5.7,0.000,0.3,0.000
1999-11-29,1290.0,7.5,9.4,0.849874,4.8,0.000,0.2,0.000
1999-11-30,1860.0,6.6,10.2,0.930489,6.2,0.700,0.3,0.062
1999-12-01,2460.0,6.3,11.4,0.819707,7.5,0.300,0.4,0.025
1999-12-02,1780.0,4.5,7.2,0.722776,6.8,1.800,0.2,0.071
1999-12-03,250.0,4.3,8.7,0.734976,9.5,6.700,0.0,0.196
1999-12-04,3220.0,0.7,5.9,0.610274,5.8,1.800,0.4,0.050
1999-12-05,3060.0,-1.4,6.8,0.570960,3.7,0.800,0.4,0.029
1999-12-06,210.0,1.4,8.7,0.821682,7.8,6.000,0.0,0.554
1999-12-07,540.0,4.9,9.3,0.872695,7.0,13.800,0.1,0.300
1999-12-08,1410.0,4.1,10.0,0.843362,6.9,0.900,0.2,0.054
1999-12-09,1840.0,6.0,10.0,0.883032,7.4,2.400,0.3,0.067
1999-12-10,1720.0,5.2,7.7,0.815975,5.5,4.000,0.2,0.096
1999-12-11,400.0,5.0,11.4,0.919858,7.1,10.200,0.1,0.300
1999-12-12,400.0,4.2,10.2,0.906147,5.8,14.300,0.1,0.371
1999-12-13,1710.0,1.4,6.9,0.722437,5.2,8.200,0.2,0.242
1999-12-14,2720.0,0.4,4.6,0.648516,6.0,4.500,0.3,0.192
1999-12-15,2160.0,-0.9,1.4,0.513436,2.8,0.800,0.2,0.108
1999-12-16,1290.0,-5.0,3.5,0.569620,3.0,0.300,0.1,0.025
1999-12-17,250.0,3.3,6.5,0.782936,7.6,6.600,0.0,0.388
1999-12-18,2670.0,-0.8,5.0,0.570333,3.1,0.200,0.3,0.021
1999-12-19,3380.0,-2.7,2.6,0.533766,3.0,0.900,0.4,0.050
1999-12-20,2480.0,-4.4,3.0,0.530445,2.3,0.000,0.3,0.000
1999-12-21,1410.0,-2.2,1.8,0.536350,2.2,0.000,0.2,0.000
1999-12-22,2800.0,-2.2,3.6,0.388132,3.7,0.200,0.3,0.042
1999-12-23,1010.0,2.4,6.4,0.681360,5.7,2.100,0.1,0.150
1999-12-24,480.0,1.9,8.8,0.767512,7.3,11.400,0.1,0.312
1999-12-25,1520.0,3.4,9.7,0.716085,8.8,4.100,0.2,0.112
1999-12-26,1010.0,2.5,6.3,0.728131,4.7,16.300,0.1,0.396
1999-12-27,1410.0,-1.9,5.6,0.653338,3.4,7.600,0.2,0.200
1999-12-28,1250.0,-2.6,2.5,0.606899,1.8,1.500,0.1,0.088
1999-12-29,810.0,-0.8,3.9,0.661859,2.9,1.100,0.1,0.050
1999-12-30,1330.0,0.8,3.7,0.672248,4.0,1.100,0.2,0.096
1999-12-31,750.0,2.7,4.2,0.743288,2.1,0.500,0.1,0.058
