date,rad,tmin,tmax,hum,wind,rain,etref,wet
2002-01-01,3810.0,-3.2,-0.1,0.523764,4.9,0.000,0.4,0.000
2002-01-02,2050.0,-5.2,0.7,0.519085,3.6,0.000,0.2,0.000
2002-01-03,5140.0,-7.4,0.9,0.414406,4.1,0.000,0.5,0.000
2002-01-04,4760.0,-11.9,-2.1,0.239194,3.1,0.000,0.4,0.000
2002-01-05,4030.0,-11.2,-0.4,0.298887,1.8,0.000,0.4,0.000
2002-01-06,1040.0,-1.8,1.5,0.536545,2.2,0.200,0.1,0.029
2002-01-07,1270.0,0.3,2.2,0.666456,1.0,0.000,0.1,0.000
2002-01-08,1620.0,-2.9,2.4,0.591544,1.7,0.000,0.2,0.000
2002-01-09,4160.0,-4.5,1.9,0.541000,1.0,0.000,0.4,0.000
2002-01-10,3340.0,-4.9,1.4,0.509593,1.9,0.000,0.3,0.000
2002-01-11,540.0,-1.8,2.6,0.603758,3.1,0.400,0.1,0.033
2002-01-12,700.0,1.4,3.6,0.713512,2.9,0.600,0.1,0.096
2002-01-13,4360.0,0.8,8.1,0.698462,2.5,0.000,0.5,0.000
2002-01-14,1310.0,-2.6,2.7,0.568517,2.5,0.000,0.1,0.000
2002-01-15,1770.0,0.6,4.5,0.657971,4.1,1.100,0.2,0.171
2002-01-16,1430.0,0.4,4.8,0.735907,2.7,1.400,0.2,0.196
2002-01-17,1420.0,1.3,4.5,0.715437,4.8,0.600,0.2,0.029
2002-01-18,2200.0,2.9,5.6,0.790038,4.0,1.600,0.3,0.117
2002-01-19,2150.0,3.3,9.2,0.871895,6.0,1.200,0.3,0.096
2002-01-20,900.0,3.5,10.4,0.942028,6.9,4.700,0.1,0.200
2002-01-21,690.0,7.4,11.8,1.120516,6.4,0.600,0.1,0.050
2002-01-22,1260.0,5.4,8.8,0.864484,6.7,0.700,0.2,0.046
2002-01-23,2070.0,5.0,9.3,0.868381,6.3,1.500,0.3,0.138
2002-01-24,1090.0,4.5,10.8,0.920517,8.1,3.800,0.2,0.125
2002-01-25,4190.0,1.0,7.9,0.744698,4.3,2.200,0.5,0.163
2002-01-26,1620.0,7.9,11.2,1.038212,9.8,12.500,0.2,0.388
2002-01-27,2960.0,8.1,12.1,1.120561,5.1,5.500,0.4,0.367
2002-01-28,2750.0,8.8,12.9,1.081458,10.8,2.200,0.4,0.179
2002-01-29,2820.0,7.9,11.8,1.047526,7.7,0.000,0.4,0.000
2002-01-30,3360.0,9.0,12.4,1.079584,4.6,0.000,0.5,0.000
2002-01-31,3400.0,6.1,11.3,0.888439,6.8,1.800,0.5,0.079
2002-02-01,2720.0,7.8,12.2,0.996598,6.6,0.000,0.4,0.000
2002-02-02,6630.0,9.0,15.6,0.803218,5.3,0.000,1.0,0.000
2002-02-03,5480.0,6.5,14.0,0.706691,4.9,0.100,0.8,0.012
2002-02-04,3090.0,6.3,13.1,0.773104,8.0,3.200,0.4,0.217
2002-02-05,1180.0,8.4,12.9,1.078032,6.0,27.900,0.2,0.475
2002-02-06,2870.0,5.8,9.1,0.865785,5.3,1.600,0.4,0.062
2002-02-07,3680.0,4.1,7.7,0.700245,5.2,1.100,0.5,0.092
2002-02-08,4120.0,5.2,11.8,1.003446,6.0,0.600,0.6,0.050
2002-02-09,2170.0,7.0,12.4,1.022451,7.7,2.100,0.3,0.067
2002-02-10,2230.0,4.9,8.8,0.850195,6.2,6.200,0.3,0.179
2002-02-11,800.0,8.7,12.1,1.106170,9.8,15.300,0.1,0.650
2002-02-12,4310.0,9.2,12.6,1.067831,8.2,2.800,0.7,0.054
2002-02-13,5790.0,2.9,10.1,0.809954,2.8,1.300,0.8,0.050
2002-02-14,9110.0,-1.2,4.9,0.508567,5.0,0.000,1.0,0.000
2002-02-15,9140.0,-2.6,5.9,0.438584,3.9,0.000,1.0,0.000
2002-02-16,9500.0,-3.0,8.7,0.447518,3.2,0.000,1.1,0.000
2002-02-17,7690.0,-4.0,5.5,0.520600,2.1,0.000,0.8,0.000
2002-02-18,4460.0,-0.2,8.0,0.650676,4.0,0.900,0.5,0.062
2002-02-19,4940.0,2.3,8.3,0.725655,6.8,6.700,0.6,0.267
2002-02-20,6990.0,2.3,10.2,0.718418,6.0,15.100,0.9,0.321
2002-02-21,9240.0,0.2,5.7,0.426218,5.1,0.000,1.1,0.000
2002-02-22,1140.0,1.3,9.4,0.719770,7.8,9.000,0.1,0.396
2002-02-23,5230.0,0.9,6.6,0.634561,7.3,5.500,0.6,0.225
2002-02-24,8310.0,0.4,6.5,0.592223,5.0,3.200,1.0,0.250
2002-02-25,2040.0,2.0,9.9,0.906853,3.6,5.700,0.3,0.542
2002-02-26,4260.0,7.0,12.8,0.961336,10.6,9.400,0.6,0.396
2002-02-27,8730.0,3.5,8.9,0.661175,8.6,4.100,1.1,0.167
2002-02-28,5320.0,2.5,7.1,0.707367,6.8,1.100,0.7,0.033
2002-03-01,7350.0,-2.4,8.5,0.579144,4.0,2.100,0.9,0.088
2002-03-02,12940.0,-4.8,6.4,0.466951,2.5,0.000,1.4,0.000
2002-03-03,9310.0,-2.0,8.2,0.620096,3.8,0.000,1.1,0.000
2002-03-04,3240.0,2.9,9.4,0.844731,3.0,0.000,0.4,0.000
2002-03-05,3560.0,2.9,8.7,0.745517,2.0,0.000,0.5,0.000
2002-03-06,2250.0,4.2,10.3,0.905447,7.2,0.700,0.3,0.062
2002-03-07,8120.0,3.3,11.6,0.720102,7.9,1.300,1.1,0.042
2002-03-08,11890.0,1.4,12.0,0.720788,3.7,0.000,1.6,0.000
2002-03-09,6320.0,2.8,11.3,0.745392,6.5,3.800,0.9,0.092
2002-03-10,13690.0,2.1,10.8,0.639476,5.3,0.000,1.8,0.000
2002-03-11,12870.0,2.4,14.0,0.647929,3.3,0.000,1.8,0.000
2002-03-12,2330.0,3.3,9.7,0.856813,1.5,5.700,0.3,0.342
2002-03-13,1800.0,-0.3,7.6,0.731255,4.1,2.000,0.2,0.258
2002-03-14,9420.0,-2.3,6.1,0.572893,5.8,0.700,1.1,0.058
2002-03-15,6480.0,0.5,6.6,0.684148,6.4,1.900,0.8,0.112
2002-03-16,12510.0,3.0,16.1,0.890620,2.7,0.000,1.8,0.000
2002-03-17,8460.0,5.3,16.3,1.006574,2.9,1.100,1.3,0.054
2002-03-18,5540.0,7.1,13.9,1.005433,5.0,5.100,0.8,0.167
2002-03-19,8470.0,7.2,12.5,0.906404,6.2,1.600,1.2,0.067
2002-03-20,7920.0,7.2,13.7,1.041326,4.3,5.400,1.2,0.250
2002-03-21,8840.0,7.2,15.3,1.048955,3.9,1.400,1.3,0.117
2002-03-22,7590.0,2.1,9.4,0.685525,3.8,2.800,1.0,0.108
2002-03-23,13650.0,0.4,9.9,0.658514,3.6,0.000,1.7,0.000
2002-03-24,12780.0,-2.1,8.0,0.557028,2.2,0.000,1.5,0.000
2002-03-25,17740.0,-3.1,7.6,0.486955,2.0,0.000,2.0,0.000
2002-03-26,15600.0,-4.4,8.6,0.466364,1.9,0.000,1.8,0.000
2002-03-27,17850.0,-2.1,9.2,0.465699,3.2,0.000,2.2,0.000
2002-03-28,18670.0,-4.0,13.5,0.466563,2.5,0.000,2.4,0.000
2002-03-29,18270.0,-1.1,17.4,0.563149,3.3,0.000,2.5,0.000
2002-03-30,9880.0,-0.9,15.1,0.677874,1.4,0.000,1.4,0.000
2002-03-31,12770.0,5.7,16.3,0.875603,2.5,0.000,1.9,0.000
2002-04-01,15750.0,5.7,17.6,0.908912,1.8,0.000,2.4,0.000
2002-04-02,17550.0,5.5,20.7,0.748763,4.1,0.000,2.8,0.000
2002-04-03,18770.0,8.0,18.8,0.711961,6.6,0.000,3.0,0.000
2002-04-04,16890.0,5.3,16.4,0.671454,5.7,0.000,2.5,0.000
2002-04-05,19370.0,2.3,13.2,0.511433,6.3,0.000,2.6,0.000
2002-04-06,20350.0,-1.9,9.8,0.457508,4.5,0.000,2.5,0.000
2002-04-07,19900.0,-3.5,12.7,0.542147,2.3,0.000,2.6,0.000
2002-04-08,20060.0,-1.9,12.8,0.503453,3.4,0.000,2.6,0.000
2002-04-09,14120.0,-2.7,12.0,0.484790,2.5,0.000,1.9,0.000
2002-04-10,14710.0,1.2,10.6,0.527448,5.3,0.000,1.9,0.000
2002-04-11,15530.0,1.8,12.9,0.670627,3.9,0.000,2.1,0.000
2002-04-12,15810.0,1.1,14.1,0.719755,5.0,0.000,2.2,0.000
2002-04-13,5410.0,3.5,9.5,0.747147,4.5,0.000,0.7,0.000
2002-04-14,7270.0,1.6,9.9,0.746522,2.0,0.300,1.0,0.033
2002-04-15,2160.0,5.7,7.1,0.918311,3.1,9.900,0.3,0.763
2002-04-16,2540.0,6.1,8.4,0.951930,2.4,0.800,0.3,0.108
2002-04-17,10860.0,6.7,11.8,0.925839,2.0,0.000,1.5,0.000
2002-04-18,10680.0,2.9,13.8,0.928860,2.3,4.900,1.5,0.171
2002-04-19,15630.0,2.9,13.9,0.801271,1.8,2.100,2.2,0.037
2002-04-20,9160.0,0.4,12.9,0.799158,1.3,0.000,1.2,0.000
2002-04-21,21120.0,1.0,17.9,0.796812,1.1,0.000,3.1,0.000
2002-04-22,14680.0,3.1,19.3,0.866498,1.9,0.000,2.3,0.000
2002-04-23,16590.0,9.5,18.0,1.196370,3.5,0.000,2.6,0.000
2002-04-24,15610.0,8.5,19.3,1.176449,2.4,0.000,2.5,0.000
2002-04-25,18190.0,4.7,18.3,1.123151,2.8,0.000,2.8,0.000
2002-04-26,7420.0,4.5,12.8,0.930142,4.3,4.200,1.0,0.238
2002-04-27,16240.0,4.6,11.3,0.814474,5.4,7.700,2.3,0.133
2002-04-28,6940.0,6.9,12.6,1.043966,5.4,5.900,1.0,0.296
2002-04-29,15310.0,7.1,13.1,0.873519,7.7,4.400,2.2,0.100
2002-04-30,9290.0,6.3,15.0,0.989651,5.0,1.900,1.4,0.021
2002-05-01,17810.0,6.5,15.2,0.978018,4.5,4.500,2.7,0.142
2002-05-02,11750.0,6.8,15.4,1.059365,2.8,2.100,1.8,0.088
2002-05-03,6540.0,7.3,11.9,1.005018,3.6,0.000,0.9,0.000
2002-05-04,3800.0,6.0,10.0,0.966061,5.2,7.000,0.5,0.317
2002-05-05,4150.0,5.9,11.6,1.051436,3.8,14.700,0.6,0.408
2002-05-06,9550.0,2.7,12.6,0.870425,2.1,0.500,1.4,0.083
2002-05-07,23830.0,4.7,17.8,1.024097,2.2,0.000,3.6,0.000
2002-05-08,13700.0,9.5,16.6,1.312668,3.8,0.000,2.1,0.000
2002-05-09,18260.0,10.8,23.0,1.469989,3.0,0.000,3.1,0.000
2002-05-10,6380.0,8.5,17.8,1.420244,2.0,3.100,1.0,0.071
2002-05-11,7690.0,12.2,15.8,1.450352,2.2,0.000,1.2,0.000
2002-05-12,5960.0,10.0,14.2,1.275740,1.7,0.000,0.9,0.000
2002-05-13,22210.0,6.1,22.0,1.135588,2.9,0.000,3.7,0.000
2002-05-14,14020.0,9.2,17.7,1.183406,5.3,10.400,2.2,0.108
2002-05-15,19720.0,8.3,19.6,1.135942,3.2,0.000,3.1,0.000
2002-05-16,25580.0,7.0,23.8,1.124792,1.8,0.000,4.4,0.000
2002-05-17,25300.0,7.6,23.0,1.147239,3.0,0.000,4.3,0.000
2002-05-18,10080.0,10.3,20.1,1.422561,2.7,1.400,1.6,0.062
2002-05-19,15750.0,9.6,20.0,1.269315,2.4,0.000,2.6,0.000
2002-05-20,22350.0,8.6,23.0,1.193698,2.5,0.000,3.8,0.000
2002-05-21,25690.0,11.9,25.1,1.231510,4.3,0.000,4.6,0.000
2002-05-22,10260.0,14.6,21.1,1.498373,3.3,1.700,1.8,0.133
2002-05-23,13570.0,12.0,18.8,1.346632,2.1,0.000,2.2,0.000
2002-05-24,15170.0,7.5,18.4,1.047723,4.1,1.800,2.4,0.142
2002-05-25,13820.0,8.3,16.7,1.074006,3.5,2.100,2.1,0.071
2002-05-26,16610.0,8.3,18.6,1.120387,3.5,2.200,2.6,0.042
2002-05-27,25310.0,8.1,19.6,1.026272,2.3,0.000,4.2,0.000
2002-05-28,16330.0,11.7,20.4,1.200886,2.2,0.300,2.7,0.092
2002-05-29,14310.0,7.8,18.0,1.064971,4.1,1.100,2.2,0.062
2002-05-30,20850.0,7.8,19.7,1.016477,3.0,0.000,3.3,0.000
2002-05-31,20660.0,5.4,19.1,0.903541,3.6,0.000,3.2,0.000
2002-06-01,28650.0,2.9,19.2,0.902669,2.0,0.000,4.5,0.000
2002-06-02,28280.0,8.5,23.6,1.016146,4.2,0.000,4.9,0.000
2002-06-03,20700.0,13.0,26.5,1.324794,3.4,0.100,3.7,0.012
2002-06-04,26500.0,12.1,25.5,1.283138,2.3,0.100,4.8,0.008
2002-06-05,11210.0,14.9,24.7,1.636502,3.8,3.000,2.0,0.083
2002-06-06,14140.0,14.5,21.6,1.600689,1.9,0.800,2.4,0.096
2002-06-07,13270.0,13.4,20.7,1.478109,3.0,0.000,2.3,0.000
2002-06-08,16220.0,10.2,21.0,1.200472,1.3,0.000,2.8,0.000
2002-06-09,24080.0,13.8,23.8,1.308674,2.4,0.900,4.3,0.012
2002-06-10,12450.0,11.0,18.1,1.315514,3.8,4.700,2.0,0.188
2002-06-11,18460.0,9.7,18.1,1.276191,3.0,1.900,2.9,0.058
2002-06-12,12490.0,10.9,19.9,1.457412,3.8,10.700,2.1,0.283
2002-06-13,6300.0,12.0,16.8,1.362669,3.6,0.300,1.0,0.029
2002-06-14,17240.0,13.8,23.1,1.710540,3.0,7.100,3.0,0.067
2002-06-15,22580.0,15.3,21.1,1.542799,4.4,2.800,4.0,0.108
2002-06-16,15030.0,13.0,23.3,1.742010,2.3,1.100,2.6,0.062
2002-06-17,27950.0,14.5,31.6,1.776995,1.8,0.000,5.4,0.000
2002-06-18,23000.0,14.6,33.5,2.057722,4.1,0.000,4.5,0.000
2002-06-19,20880.0,11.1,24.1,1.391379,1.3,0.000,3.7,0.000
2002-06-20,7390.0,13.6,19.3,1.624199,3.3,6.600,1.3,0.142
2002-06-21,17810.0,10.4,20.7,1.264220,1.9,0.000,3.0,0.000
2002-06-22,19060.0,9.6,23.8,1.416856,3.1,1.600,3.4,0.054
2002-06-23,23130.0,10.4,20.5,1.256552,3.4,0.600,3.9,0.075
2002-06-24,26310.0,8.0,20.8,1.085315,2.8,0.000,4.3,0.000
2002-06-25,22240.0,6.5,22.1,1.126031,2.4,0.000,3.7,0.000
2002-06-26,24850.0,8.1,23.1,1.235866,2.0,0.000,4.3,0.000
2002-06-27,21400.0,8.2,19.7,1.074038,4.0,0.200,3.5,0.017
2002-06-28,16200.0,8.4,16.4,1.152294,4.7,6.400,2.5,0.225
2002-06-29,19990.0,7.7,18.7,1.017104,3.0,0.000,3.2,0.000
2002-06-30,13980.0,10.8,19.2,1.273642,4.5,0.000,2.3,0.000
2002-07-01,4630.0,12.5,15.4,1.328668,4.9,12.200,0.7,0.521
2002-07-02,14420.0,11.8,17.8,1.319509,4.8,4.700,2.3,0.067
2002-07-03,5240.0,12.1,17.1,1.509142,4.6,17.900,0.8,0.683
2002-07-04,19640.0,12.3,20.2,1.366054,4.5,0.800,3.3,0.096
2002-07-05,19150.0,11.5,22.0,1.331990,2.5,0.200,3.3,0.046
2002-07-06,12500.0,12.4,21.2,1.534632,2.5,0.000,2.1,0.000
2002-07-07,12310.0,12.1,19.9,1.416753,2.4,0.000,2.1,0.000
2002-07-08,26640.0,12.9,25.3,1.577504,3.0,0.000,4.8,0.000
2002-07-09,16460.0,13.0,27.6,1.679053,1.8,0.000,3.0,0.000
2002-07-10,4750.0,11.7,17.3,1.449979,2.2,13.700,0.8,0.254
2002-07-11,19480.0,9.6,21.1,1.267924,2.8,16.600,3.2,0.092
2002-07-12,22780.0,7.6,22.3,1.192917,1.7,0.000,3.9,0.000
2002-07-13,13080.0,14.6,21.6,1.791082,2.4,3.600,2.3,0.142
2002-07-14,12000.0,16.0,23.3,1.911765,3.0,0.000,2.1,0.000
2002-07-15,22750.0,15.3,25.0,1.610616,3.3,0.000,4.2,0.000
2002-07-16,11850.0,12.3,23.0,1.529496,3.6,0.000,2.1,0.000
2002-07-17,10430.0,14.0,21.2,1.624554,4.6,0.000,1.8,0.000
2002-07-18,18230.0,11.5,20.1,1.331419,5.4,0.000,3.0,0.000
2002-07-19,9160.0,12.4,16.8,1.394284,2.6,0.000,1.5,0.000
2002-07-20,20540.0,13.5,22.3,1.389024,1.7,11.700,3.5,0.167
2002-07-21,14260.0,12.7,18.5,1.471662,3.9,2.000,2.4,0.100
2002-07-22,12600.0,12.3,20.2,1.283196,3.4,0.000,2.1,0.000
2002-07-23,11120.0,14.6,20.4,1.660574,4.1,3.000,1.9,0.154
2002-07-24,16690.0,14.0,20.1,1.508461,4.1,1.000,2.9,0.062
2002-07-25,13830.0,10.8,19.7,1.379194,2.3,0.900,2.3,0.046
2002-07-26,13510.0,12.5,24.5,1.579273,3.0,3.400,2.4,0.200
2002-07-27,23740.0,12.0,27.6,1.709784,1.7,0.000,4.4,0.000
2002-07-28,25110.0,15.1,29.9,1.789521,1.9,0.000,4.8,0.000
2002-07-29,24670.0,15.4,31.0,1.743369,1.6,0.000,4.8,0.000
2002-07-30,21400.0,16.6,33.4,1.968165,2.2,0.000,4.2,0.000
2002-07-31,16530.0,17.0,28.5,2.107133,1.5,50.200,3.0,0.208
2002-08-01,3740.0,13.4,20.2,1.838181,2.6,9.500,0.6,0.158
2002-08-02,20640.0,12.0,24.8,1.429874,1.4,0.000,3.7,0.000
2002-08-03,8690.0,12.6,19.4,1.672377,2.2,1.900,1.5,0.108
2002-08-04,21760.0,13.6,23.6,1.557517,1.6,0.000,3.8,0.000
2002-08-05,8510.0,14.5,20.6,1.722931,1.5,8.000,1.5,0.146
2002-08-06,13450.0,12.6,21.6,1.605077,1.8,3.900,2.3,0.150
2002-08-07,18560.0,11.9,24.5,1.565979,0.9,0.100,3.2,0.004
2002-08-08,11870.0,14.2,22.6,1.824342,1.5,0.000,2.1,0.000
2002-08-09,17510.0,12.0,24.7,1.643310,1.5,0.300,3.1,0.017
2002-08-10,5930.0,14.9,18.0,1.788162,1.7,4.900,1.0,0.250
2002-08-11,9850.0,14.1,21.8,1.854267,2.6,0.000,1.7,0.000
2002-08-12,15160.0,12.8,22.5,1.589158,3.9,0.000,2.6,0.000
2002-08-13,19030.0,12.5,23.3,1.618652,2.8,0.000,3.3,0.000
2002-08-14,15460.0,11.1,24.9,1.621165,1.4,0.000,2.7,0.000
2002-08-15,21320.0,12.6,27.5,1.665688,1.7,0.000,3.9,0.000
2002-08-16,22450.0,13.0,27.8,1.675430,2.0,0.000,4.2,0.000
2002-08-17,21990.0,14.0,28.6,1.647157,2.5,0.000,4.1,0.000
2002-08-18,20250.0,15.3,29.1,1.882021,3.0,0.000,3.8,0.000
2002-08-19,8690.0,15.8,26.2,2.001155,2.2,0.000,1.6,0.000
2002-08-20,16620.0,13.9,29.0,1.887750,2.0,21.300,3.1,0.183
2002-08-21,2930.0,16.6,18.6,1.973289,2.5,8.200,0.5,0.371
2002-08-22,6020.0,15.1,19.0,1.783489,2.1,0.000,1.0,0.000
2002-08-23,12630.0,14.3,21.2,1.771732,1.8,0.000,2.2,0.000
2002-08-24,4520.0,14.2,19.3,1.850805,1.9,3.600,0.8,0.200
2002-08-25,9380.0,14.6,21.4,1.748519,1.9,0.100,1.6,0.008
2002-08-26,17770.0,13.3,24.0,1.852839,2.9,0.000,3.2,0.000
2002-08-27,14470.0,16.6,26.2,2.203089,2.8,0.000,2.7,0.000
2002-08-28,16140.0,15.3,25.0,2.025521,3.4,0.000,3.0,0.000
2002-08-29,13500.0,13.0,23.8,1.692336,1.2,0.000,2.4,0.000
2002-08-30,17600.0,10.9,23.6,1.584174,1.9,0.000,3.0,0.000
2002-08-31,8220.0,9.9,20.7,1.494944,3.3,0.000,1.4,0.000
2002-09-01,17370.0,8.4,20.7,1.161560,2.3,0.000,2.8,0.000
2002-09-02,18640.0,9.8,22.5,1.335652,2.8,0.000,3.2,0.000
2002-09-03,16780.0,8.5,22.9,1.177687,3.7,2.900,2.8,0.033
2002-09-04,16560.0,7.7,22.4,1.405975,1.7,0.000,2.8,0.000
2002-09-05,13680.0,12.1,22.5,1.373689,1.3,0.000,2.4,0.000
2002-09-06,12920.0,12.3,21.1,1.557119,3.3,0.000,2.2,0.000
2002-09-07,11980.0,12.9,22.0,1.483440,3.3,0.000,2.1,0.000
2002-09-08,15330.0,12.7,24.8,1.458129,2.5,0.000,2.7,0.000
2002-09-09,13610.0,13.3,27.5,1.747315,2.8,12.800,2.4,0.046
2002-09-10,2970.0,13.4,16.3,1.510076,1.7,8.100,0.5,0.592
2002-09-11,5030.0,13.0,17.0,1.620864,2.4,1.600,0.8,0.146
2002-09-12,17560.0,9.3,21.5,1.367916,3.0,0.000,2.9,0.000
2002-09-13,16990.0,7.8,21.5,1.285626,2.1,0.000,2.8,0.000
2002-09-14,6550.0,10.6,19.3,1.478680,2.8,0.300,1.1,0.017
2002-09-15,12500.0,7.0,19.3,1.139004,2.1,0.000,2.0,0.000
2002-09-16,9050.0,5.6,19.5,1.214169,1.8,0.000,1.4,0.000
2002-09-17,8870.0,7.7,19.0,1.294611,2.0,0.000,1.4,0.000
2002-09-18,4830.0,7.2,16.1,1.203225,0.9,0.000,0.8,0.000
2002-09-19,4920.0,12.3,16.8,1.394499,1.4,0.000,0.8,0.000
2002-09-20,8130.0,10.6,17.8,1.346079,1.9,0.000,1.3,0.000
2002-09-21,6260.0,10.4,17.7,1.369896,1.5,0.100,1.0,0.012
2002-09-22,9960.0,7.9,15.6,1.209769,3.0,4.700,1.5,0.096
2002-09-23,13640.0,6.4,15.4,0.992035,4.8,0.000,2.0,0.000
2002-09-24,15280.0,4.0,15.3,0.859217,3.4,0.200,2.2,0.004
2002-09-25,6930.0,6.4,16.9,1.202718,2.4,7.800,1.1,0.188
2002-09-26,5010.0,7.9,14.3,1.241790,2.1,2.000,0.8,0.067
2002-09-27,10830.0,7.9,16.0,1.078228,1.5,0.000,1.7,0.000
2002-09-28,6060.0,5.9,16.4,1.229087,1.5,0.000,0.9,0.000
2002-09-29,12410.0,5.8,18.2,1.046345,1.0,0.000,1.9,0.000
2002-09-30,13610.0,4.4,19.0,1.000531,1.8,0.000,2.0,0.000
2002-10-01,11660.0,4.8,20.1,1.112414,1.3,0.000,1.8,0.000
2002-10-02,7840.0,5.2,17.7,1.222052,1.3,0.000,1.2,0.000
2002-10-03,3100.0,10.4,17.9,1.543350,3.0,10.000,0.5,0.229
2002-10-04,11630.0,6.3,18.0,1.137831,2.7,0.000,1.8,0.000
2002-10-05,1450.0,7.7,13.9,1.274691,3.7,15.500,0.2,0.462
2002-10-06,5870.0,2.3,13.1,0.865513,4.0,1.100,0.9,0.071
2002-10-07,5230.0,1.6,12.6,0.992115,2.5,2.300,0.7,0.058
2002-10-08,12540.0,0.5,10.1,0.684391,3.2,0.000,1.6,0.000
2002-10-09,11600.0,3.0,13.3,0.879261,5.6,0.000,1.6,0.000
2002-10-10,11130.0,4.8,12.2,0.860380,5.6,0.000,1.5,0.000
2002-10-11,11490.0,1.9,10.5,0.622851,5.1,0.000,1.5,0.000
2002-10-12,3890.0,2.6,7.2,0.697592,4.0,0.000,0.5,0.000
2002-10-13,2370.0,5.1,7.4,0.851241,3.3,0.000,0.3,0.000
2002-10-14,2270.0,6.0,12.0,1.087020,3.9,11.600,0.3,0.454
2002-10-15,2270.0,5.5,13.0,1.155567,2.8,0.200,0.3,0.021
2002-10-16,5310.0,10.4,14.9,1.278836,4.6,3.100,0.8,0.150
2002-10-17,6750.0,4.3,12.5,0.910157,4.4,0.000,1.0,0.000
2002-10-18,5920.0,3.5,10.1,0.899389,3.7,1.900,0.8,0.054
2002-10-19,6410.0,1.2,9.4,0.799009,3.2,0.000,0.8,0.000
2002-10-20,6740.0,3.7,10.7,0.856773,2.1,1.400,0.9,0.112
2002-10-21,1050.0,5.7,13.5,1.138818,3.2,5.600,0.2,0.329
2002-10-22,3940.0,11.1,16.2,1.415807,4.1,3.000,0.6,0.100
2002-10-23,3800.0,5.1,14.0,0.978343,5.3,4.700,0.6,0.121
2002-10-24,6910.0,4.9,10.6,0.811831,4.2,0.200,0.9,0.012
2002-10-25,2170.0,7.8,14.0,1.181960,6.0,7.700,0.3,0.288
2002-10-26,7700.0,7.6,13.6,0.960388,7.8,4.400,1.1,0.096
2002-10-27,3600.0,8.4,16.4,1.103545,10.2,14.900,0.5,0.471
2002-10-28,6850.0,6.1,11.9,0.879007,4.6,2.600,1.0,0.088
2002-10-29,2700.0,5.9,9.7,0.933169,2.5,0.500,0.4,0.046
2002-10-30,6750.0,4.3,11.9,0.916900,1.7,1.100,0.9,0.108
2002-10-31,7110.0,0.2,11.4,0.815384,1.4,0.000,0.9,0.000
2002-11-01,1780.0,0.4,12.3,0.993918,2.5,4.200,0.2,0.104
2002-11-02,5330.0,9.2,15.5,1.277436,3.4,1.900,0.8,0.054
2002-11-03,3010.0,5.9,14.1,1.140111,4.0,11.300,0.4,0.392
2002-11-04,3770.0,5.6,11.2,1.046733,2.1,0.000,0.5,0.000
2002-11-05,2840.0,2.1,7.1,0.795654,1.9,0.000,0.4,0.000
2002-11-06,4810.0,2.1,10.1,0.856021,3.8,0.000,0.6,0.000
2002-11-07,2050.0,2.5,9.1,0.851099,3.2,10.500,0.3,0.354
2002-11-08,3080.0,2.4,9.7,0.886569,5.5,14.800,0.4,0.354
2002-11-09,5270.0,0.4,10.5,0.793754,4.4,1.900,0.7,0.058
2002-11-10,3690.0,-2.0,8.1,0.722746,2.7,3.200,0.5,0.279
2002-11-11,4730.0,5.8,12.1,1.068211,3.7,2.400,0.7,0.083
2002-11-12,3570.0,7.9,12.0,1.058432,5.1,0.900,0.5,0.096
2002-11-13,2180.0,6.8,11.9,1.055480,4.4,3.000,0.3,0.179
2002-11-14,2340.0,6.4,12.6,1.011230,4.2,4.200,0.3,0.071
2002-11-15,2160.0,3.6,9.2,0.913154,2.0,0.000,0.3,0.000
2002-11-16,1380.0,4.8,8.9,0.994566,3.0,5.100,0.2,0.329
2002-11-17,1950.0,5.6,10.6,1.068307,3.2,0.800,0.3,0.104
2002-11-18,1080.0,6.8,8.6,1.036032,2.0,0.100,0.1,0.004
2002-11-19,3960.0,1.8,9.1,0.821697,2.5,0.000,0.5,0.000
2002-11-20,4060.0,1.3,8.1,0.796618,3.5,0.000,0.5,0.000
2002-11-21,1530.0,4.7,11.1,0.949486,3.9,0.000,0.2,0.000
2002-11-22,1580.0,4.7,9.9,0.926591,2.3,0.000,0.2,0.000
2002-11-23,4600.0,3.6,11.0,0.888859,3.0,1.300,0.6,0.033
2002-11-24,3940.0,2.2,10.6,0.888362,2.2,0.000,0.5,0.000
2002-11-25,930.0,4.8,9.1,0.950231,2.8,5.900,0.1,0.242
2002-11-26,2150.0,2.4,9.7,0.940726,2.8,0.300,0.3,0.029
2002-11-27,4180.0,0.8,9.4,0.795427,3.3,0.000,0.5,0.000
2002-11-28,2980.0,4.8,11.0,0.981444,2.4,1.300,0.4,0.112
2002-11-29,1730.0,4.6,10.3,0.981652,1.2,0.700,0.2,0.021
2002-11-30,1340.0,3.6,7.7,0.915591,1.3,0.000,0.2,0.000
2002-12-01,3070.0,5.7,8.8,0.916652,4.5,3.900,0.4,0.171
2002-12-02,940.0,4.9,7.4,0.892159,4.0,0.600,0.1,0.075
2002-12-03,1570.0,2.6,8.4,0.877170,2.2,0.000,0.2,0.000
2002-12-04,2940.0,-0.2,7.8,0.766610,1.9,0.000,0.4,0.000
2002-12-05,1270.0,2.7,6.3,0.810058,3.4,0.000,0.2,0.000
2002-12-06,650.0,0.2,3.4,0.625689,5.0,0.000,0.1,0.000
2002-12-07,810.0,-2.8,0.8,0.495736,5.9,0.600,0.1,0.017
2002-12-08,3230.0,-5.0,0.2,0.357614,6.5,0.000,0.3,0.000
2002-12-09,3690.0,-8.2,-3.9,0.285364,5.9,0.000,0.3,0.000
2002-12-10,3830.0,-9.2,-2.9,0.260444,5.1,0.000,0.3,0.000
2002-12-11,3560.0,-9.1,-2.1,0.238965,5.0,0.000,0.3,0.000
2002-12-12,1710.0,-7.5,-1.7,0.300042,3.0,0.000,0.2,0.000
2002-12-13,1730.0,-6.3,-0.6,0.377256,2.0,0.000,0.2,0.000
2002-12-14,710.0,-1.8,1.1,0.524822,3.5,0.000,0.1,0.000
2002-12-15,1040.0,0.3,2.6,0.626838,5.3,1.800,0.1,0.158
2002-12-16,170.0,0.2,6.1,0.761843,4.0,5.200,0.0,0.408
2002-12-17,490.0,-1.2,1.0,0.588389,3.2,0.000,0.1,0.000
2002-12-18,1650.0,-6.1,1.0,0.502287,1.2,0.000,0.2,0.000
2002-12-19,1080.0,-3.6,0.8,0.554472,2.2,0.000,0.1,0.000
2002-12-20,1820.0,-5.9,0.9,0.509576,1.4,0.000,0.2,0.000
2002-12-21,810.0,-0.5,1.6,0.633883,1.5,0.000,0.1,0.000
2002-12-22,230.0,-0.4,6.6,0.779086,4.0,19.000,0.0,0.562
2002-12-23,760.0,1.0,4.2,0.736621,3.4,0.000,0.1,0.000
2002-12-24,1990.0,3.7,11.6,1.046972,3.5,3.200,0.3,0.183
2002-12-25,1190.0,9.1,11.4,1.224973,2.7,0.100,0.2,0.012
2002-12-26,560.0,7.7,10.3,1.101842,4.5,7.200,0.1,0.179
2002-12-27,560.0,8.4,11.3,1.187257,4.0,5.400,0.1,0.433
2002-12-28,1270.0,7.3,10.9,1.111189,4.5,1.200,0.2,0.067
2002-12-29,590.0,6.3,7.9,0.983460,3.7,11.500,0.1,0.492
2002-12-30,400.0,1.0,10.2,0.925723,3.8,27.300,0.0,0.588
2002-12-31,2560.0,-3.7,1.1,0.477683,5.6,0.000,0.3,0.000
2003-01-01,650.0,-2.8,10.7,0.808235,4.4,9.700,0.1,0.363
2003-01-02,350.0,6.6,10.5,1.109497,4.7,21.100,0.0,0.525
2003-01-03,960.0,0.4,7.9,0.804529,3.4,2.200,0.1,0.112
2003-01-04,2290.0,-4.1,0.5,0.437236,5.1,0.000,0.2,0.000
2003-01-05,1140.0,-6.8,-0.8,0.435153,3.1,0.900,0.1,0.054
2003-01-06,3200.0,-4.7,-0.7,0.433076,4.1,1.200,0.3,0.067
2003-01-07,2780.0,-10.2,-4.5,0.298396,2.7,0.000,0.2,0.000
2003-01-08,2190.0,-9.6,-5.5,0.253973,3.5,0.000,0.2,0.000
2003-01-09,4510.0,-14.3,-6.2,0.196402,2.8,0.000,0.3,0.000
2003-01-10,2670.0,-14.3,-1.8,0.278816,2.3,0.000,0.2,0.000
2003-01-11,3900.0,-7.9,1.1,0.366680,1.6,0.000,0.4,0.000
2003-01-12,2480.0,-5.0,1.4,0.473412,4.3,0.000,0.3,0.000
2003-01-13,420.0,-0.2,6.9,0.758683,6.0,4.700,0.1,0.371
2003-01-14,850.0,5.8,8.0,0.933138,6.9,0.000,0.1,0.000
2003-01-15,1330.0,4.1,6.3,0.774327,6.6,1.400,0.2,0.067
2003-01-16,3720.0,3.1,7.2,0.825936,5.5,0.000,0.5,0.000
2003-01-17,2650.0,0.7,4.7,0.660843,5.0,0.000,0.3,0.000
2003-01-18,800.0,1.6,4.7,0.708415,4.0,0.000,0.1,0.000
2003-01-19,2330.0,0.7,6.9,0.650284,5.0,0.600,0.3,0.062
2003-01-20,2070.0,5.9,9.1,0.910362,6.2,2.500,0.3,0.263
2003-01-21,2330.0,5.2,9.2,0.900062,4.4,0.800,0.3,0.071
2003-01-22,2310.0,5.5,8.8,0.893417,4.5,2.800,0.3,0.208
2003-01-23,640.0,1.5,7.2,0.750023,5.3,0.800,0.1,0.054
2003-01-24,4980.0,-1.6,6.0,0.594674,2.1,0.000,0.6,0.000
2003-01-25,4100.0,-0.4,5.6,0.662016,4.5,3.100,0.5,0.129
2003-01-26,2110.0,1.1,7.6,0.842239,4.2,3.600,0.3,0.367
2003-01-27,1040.0,7.5,10.0,1.083253,4.6,0.700,0.1,0.125
2003-01-28,1440.0,1.6,8.8,0.740313,7.2,13.000,0.2,0.271
2003-01-29,2180.0,0.8,4.8,0.690298,4.2,11.300,0.3,0.275
2003-01-30,5630.0,-6.5,2.7,0.477025,4.5,2.300,0.6,0.183
2003-01-31,6770.0,-11.6,-2.2,0.313126,2.3,0.000,0.5,0.000
2003-02-01,4600.0,-11.3,-1.5,0.310984,4.1,1.800,0.4,0.229
2003-02-02,1840.0,-1.6,4.1,0.664737,5.5,12.600,0.2,0.300
2003-02-03,4590.0,-0.4,5.1,0.644910,5.3,7.000,0.5,0.167
2003-02-04,4150.0,-0.8,2.7,0.615283,5.2,6.000,0.5,0.213
2003-02-05,5060.0,0.7,4.3,0.647125,4.8,1.500,0.6,0.104
2003-02-06,6400.0,-2.8,2.3,0.487030,2.4,0.000,0.7,0.000
2003-02-07,1120.0,0.9,4.6,0.682258,3.5,0.700,0.1,0.071
2003-02-08,1090.0,4.4,6.4,0.894077,2.7,0.000,0.1,0.000
2003-02-09,3090.0,-2.2,8.3,0.725153,2.6,0.000,0.4,0.000
2003-02-10,8160.0,-4.4,4.6,0.510657,1.6,0.000,0.8,0.000
2003-02-11,8040.0,-4.8,5.0,0.519203,1.5,0.000,0.8,0.000
2003-02-12,1210.0,-5.7,-1.9,0.427448,2.5,0.000,0.1,0.000
2003-02-13,9850.0,-6.3,1.4,0.378203,3.9,0.000,0.9,0.000
2003-02-14,7860.0,-6.7,2.9,0.309756,3.5,0.000,0.8,0.000
2003-02-15,1270.0,-3.4,0.3,0.449569,4.0,0.000,0.1,0.000
2003-02-16,9200.0,-5.2,0.6,0.330849,4.3,0.000,0.9,0.000
2003-02-17,9670.0,-7.3,2.0,0.342338,3.4,0.000,0.9,0.000
2003-02-18,9900.0,-7.7,2.0,0.314712,3.8,0.000,0.9,0.000
2003-02-19,9690.0,-6.2,4.0,0.399177,5.0,0.000,1.0,0.000
2003-02-20,10760.0,-5.6,5.8,0.439293,3.8,0.000,1.1,0.000
2003-02-21,10500.0,-5.0,7.3,0.464753,2.6,0.000,1.1,0.000
2003-02-22,10800.0,-4.1,9.1,0.489589,3.3,0.000,1.2,0.000
2003-02-23,9620.0,-3.7,11.4,0.525638,2.3,0.000,1.1,0.000
2003-02-24,9540.0,-2.6,12.3,0.563179,1.9,0.000,1.2,0.000
2003-02-25,11400.0,-3.3,11.0,0.415905,2.7,0.000,1.3,0.000
2003-02-26,10720.0,-4.2,12.9,0.420813,1.9,0.000,1.3,0.000
2003-02-27,9170.0,0.6,15.2,0.631649,1.8,0.000,1.2,0.000
2003-02-28,8450.0,5.2,13.6,0.825522,2.6,0.000,1.2,0.000
2003-03-01,9690.0,4.4,12.7,0.837900,3.3,2.500,1.4,0.075
2003-03-02,4710.0,5.0,11.5,0.981373,3.3,5.900,0.7,0.229
2003-03-03,4550.0,-0.3,8.7,0.669344,2.5,0.000,0.6,0.000
2003-03-04,9400.0,-0.6,9.9,0.661674,3.3,0.000,1.2,0.000
2003-03-05,9390.0,7.2,14.7,1.051171,3.1,0.000,1.4,0.000
2003-03-06,1520.0,1.4,10.2,0.794510,3.7,1.300,0.2,0.083
2003-03-07,8570.0,0.2,10.1,0.696183,3.9,0.200,1.1,0.029
2003-03-08,5470.0,5.5,10.9,0.780609,8.1,2.300,0.8,0.158
2003-03-09,5750.0,6.9,12.2,0.933791,6.1,0.500,0.8,0.079
2003-03-10,8150.0,7.4,13.6,0.910049,5.0,0.000,1.2,0.000
2003-03-11,1260.0,8.2,10.8,1.071476,4.8,14.600,0.2,0.550
2003-03-12,5060.0,2.7,9.0,0.790995,5.3,0.000,0.7,0.000
2003-03-13,12560.0,-1.2,9.3,0.534677,2.8,0.000,1.5,0.000
2003-03-14,15060.0,-3.2,10.0,0.488532,3.9,0.000,1.8,0.000
2003-03-15,14720.0,-1.4,10.1,0.574345,3.5,0.000,1.8,0.000
2003-03-16,15160.0,-3.7,11.9,0.541168,1.4,0.000,1.8,0.000
2003-03-17,7150.0,-2.5,6.8,0.597285,2.6,0.000,0.8,0.000
2003-03-18,14840.0,-2.5,13.0,0.573583,1.9,0.000,1.9,0.000
2003-03-19,8800.0,-2.9,8.5,0.632629,2.6,0.000,1.0,0.000
2003-03-20,8510.0,-1.9,6.9,0.563148,1.8,0.000,1.0,0.000
2003-03-21,12550.0,-0.6,9.9,0.561423,4.2,0.000,1.5,0.000
2003-03-22,17020.0,-2.9,12.8,0.340197,3.4,0.000,2.1,0.000
2003-03-23,17180.0,-2.4,17.3,0.397532,2.1,0.000,2.3,0.000
2003-03-24,15270.0,-0.9,20.0,0.593813,2.8,0.000,2.3,0.000
2003-03-25,11410.0,1.6,16.5,0.817199,1.3,0.000,1.6,0.000
2003-03-26,16270.0,1.9,16.6,0.717625,2.5,0.000,2.4,0.000
2003-03-27,14980.0,2.0,17.9,0.793466,1.4,0.000,2.2,0.000
2003-03-28,15090.0,3.5,18.3,0.800153,3.7,0.000,2.3,0.000
2003-03-29,7230.0,5.3,18.1,1.000212,2.3,0.000,1.1,0.000
2003-03-30,14200.0,2.2,14.3,0.806151,3.3,0.000,1.9,0.000
2003-03-31,16810.0,-1.3,13.1,0.614118,1.9,0.000,2.2,0.000
2003-04-01,10670.0,-0.8,14.2,0.618972,5.5,8.300,1.5,0.229
2003-04-02,10780.0,3.2,9.9,0.791996,5.5,4.600,1.4,0.200
2003-04-03,10460.0,0.1,8.5,0.576527,5.0,0.000,1.3,0.000
2003-04-04,10570.0,-3.0,9.1,0.578441,3.4,0.000,1.3,0.000
2003-04-05,12620.0,0.9,11.2,0.705776,6.5,0.000,1.7,0.000
2003-04-06,17320.0,-2.8,10.0,0.455931,4.2,0.000,2.1,0.000
2003-04-07,18630.0,-4.2,7.0,0.308594,3.6,0.000,2.1,0.000
2003-04-08,16120.0,-6.1,6.4,0.314459,2.9,0.000,1.8,0.000
2003-04-09,14800.0,-6.1,7.1,0.367871,3.2,0.000,1.7,0.000
2003-04-10,13510.0,-1.1,7.5,0.521720,2.1,0.500,1.6,0.025
2003-04-11,10570.0,-2.9,9.7,0.562809,3.0,0.100,1.3,0.029
2003-04-12,19880.0,-3.5,14.2,0.432916,1.8,0.000,2.6,0.000
2003-04-13,19690.0,-1.8,17.5,0.547487,2.9,0.000,2.9,0.000
2003-04-14,21000.0,5.5,19.8,0.584751,5.6,0.000,3.3,0.000
2003-04-15,21510.0,6.5,24.3,0.809693,4.9,0.000,3.6,0.000
2003-04-16,21340.0,7.8,23.5,0.727035,4.3,0.000,3.6,0.000
2003-04-17,21800.0,7.6,21.3,0.573934,4.7,0.000,3.6,0.000
2003-04-18,22200.0,5.7,16.9,0.685457,5.2,0.000,3.3,0.000
2003-04-19,8540.0,4.2,11.8,0.760190,4.6,0.300,1.2,0.012
2003-04-20,19830.0,1.3,16.3,0.703820,3.3,0.000,2.9,0.000
2003-04-21,20930.0,3.3,23.4,0.811005,2.4,0.000,3.4,0.000
2003-04-22,8100.0,6.4,14.5,0.898386,2.8,0.800,1.2,0.054
2003-04-23,20720.0,2.1,19.8,0.763955,2.5,0.000,3.1,0.000
2003-04-24,20630.0,2.4,22.1,0.682226,2.0,0.000,3.3,0.000
2003-04-25,13050.0,8.7,24.0,0.936721,2.5,0.100,2.3,0.012
2003-04-26,4070.0,9.6,17.4,1.354870,2.8,23.600,0.6,0.438
2003-04-27,12850.0,9.6,15.5,1.113427,6.0,4.600,2.0,0.108
2003-04-28,12810.0,9.8,20.9,1.273665,4.1,3.500,2.1,0.104
2003-04-29,17070.0,8.4,17.2,1.092718,4.7,1.200,2.7,0.058
2003-04-30,4750.0,7.6,15.5,1.214282,3.1,7.200,0.7,0.292
2003-05-01,13160.0,7.9,16.3,1.048925,5.1,7.400,2.0,0.138
2003-05-02,16020.0,7.4,21.3,1.046418,3.5,4.200,2.6,0.108
2003-05-03,16020.0,7.5,15.1,0.923171,6.5,4.500,2.4,0.129
2003-05-04,25100.0,7.5,23.2,0.920194,3.3,0.000,4.2,0.000
2003-05-05,14400.0,12.3,21.7,1.429692,2.5,0.000,2.5,0.000
2003-05-06,7970.0,4.2,15.5,0.963546,2.4,3.100,1.2,0.163
2003-05-07,24390.0,1.6,17.6,0.822454,1.0,0.000,3.6,0.000
2003-05-08,21940.0,4.6,20.8,0.992948,2.5,0.500,3.5,0.046
2003-05-09,10530.0,9.0,15.6,1.085895,1.8,0.000,1.6,0.000
2003-05-10,20760.0,4.8,18.1,0.903513,2.0,0.000,3.2,0.000
2003-05-11,21520.0,4.4,19.6,0.934489,2.3,0.000,3.5,0.000
2003-05-12,14100.0,8.2,15.9,0.971734,3.9,0.000,2.2,0.000
2003-05-13,16750.0,5.2,14.1,0.814375,3.8,7.100,2.4,0.204
2003-05-14,13920.0,4.9,13.1,0.934792,3.5,8.100,1.9,0.179
2003-05-15,18100.0,3.1,14.1,0.768156,1.8,2.500,2.6,0.058
2003-05-16,23030.0,1.3,17.1,0.780687,1.8,0.000,3.4,0.000
2003-05-17,12200.0,9.5,16.9,1.138620,2.7,0.500,1.9,0.025
2003-05-18,14420.0,11.7,18.2,1.335731,3.7,8.000,2.3,0.179
2003-05-19,7690.0,10.0,16.0,1.259237,3.2,19.200,1.2,0.258
2003-05-20,15300.0,8.7,14.5,1.090527,5.7,22.300,2.3,0.271
2003-05-21,12070.0,9.6,16.2,1.163134,3.5,6.400,1.9,0.250
2003-05-22,4960.0,10.4,15.8,1.372000,3.5,1.400,0.8,0.225
2003-05-23,5270.0,12.0,14.2,1.375532,4.1,4.500,0.8,0.417
2003-05-24,7150.0,10.3,17.4,1.454876,1.9,14.100,1.2,0.442
2003-05-25,17040.0,8.1,17.3,1.225855,3.3,0.500,2.7,0.075
2003-05-26,26730.0,4.9,21.0,1.075410,1.5,0.000,4.3,0.000
2003-05-27,24550.0,7.5,22.4,1.109204,1.8,0.000,4.1,0.000
2003-05-28,19250.0,12.5,22.4,1.327638,2.7,0.000,3.3,0.000
2003-05-29,27160.0,11.7,25.7,1.348040,2.9,0.000,4.9,0.000
2003-05-30,24600.0,13.0,28.6,1.510917,1.8,0.800,4.6,0.021
2003-05-31,25090.0,13.6,26.6,1.612317,2.7,0.000,4.6,0.000
2003-06-01,25170.0,13.8,28.0,1.571583,2.5,0.000,4.7,0.000
2003-06-02,20590.0,16.7,29.8,1.907818,2.8,3.400,3.9,0.033
2003-06-03,20190.0,15.6,25.7,1.833763,1.8,0.700,3.7,0.012
2003-06-04,22020.0,15.0,29.5,1.895482,2.6,2.500,4.1,0.050
2003-06-05,13250.0,10.6,21.0,1.378471,2.0,2.500,2.3,0.096
2003-06-06,26860.0,8.7,24.1,1.247306,1.7,0.000,4.7,0.000
2003-06-07,24410.0,13.0,27.2,1.602740,2.0,0.000,4.5,0.000
2003-06-08,14530.0,13.0,29.0,1.792974,3.3,13.600,2.6,0.108
2003-06-09,22950.0,11.6,20.4,1.244699,3.6,0.000,3.8,0.000
2003-06-10,15610.0,11.5,26.0,1.645905,2.8,2.300,2.8,0.029
2003-06-11,25360.0,12.7,22.6,1.470802,3.6,0.000,4.5,0.000
2003-06-12,24130.0,11.0,25.5,1.465633,2.0,3.300,4.3,0.075
2003-06-13,24650.0,11.0,23.5,1.351284,1.5,0.000,4.3,0.000
2003-06-14,16660.0,10.7,20.3,1.300096,3.0,0.000,2.8,0.000
2003-06-15,27920.0,9.0,23.0,1.174886,2.2,0.000,4.8,0.000
2003-06-16,25200.0,8.5,22.9,1.275425,1.5,0.000,4.3,0.000
2003-06-17,23270.0,11.0,26.1,1.394689,1.9,2.000,4.2,0.037
2003-06-18,14630.0,14.4,23.7,1.595146,2.7,0.500,2.6,0.021
2003-06-19,12950.0,15.8,21.4,1.735808,5.1,9.300,2.3,0.033
2003-06-20,23020.0,8.8,19.3,1.108649,4.2,0.000,3.8,0.000
2003-06-21,18980.0,8.3,19.9,1.135890,2.8,0.000,3.1,0.000
2003-06-22,19880.0,8.3,23.9,1.168721,2.0,0.000,3.5,0.000
2003-06-23,20800.0,12.6,27.2,1.771808,4.1,0.400,3.7,0.033
2003-06-24,23080.0,9.9,21.8,1.270669,3.4,0.000,3.9,0.000
2003-06-25,21170.0,6.5,20.7,1.162781,2.2,0.000,3.5,0.000
2003-06-26,28090.0,8.2,23.0,1.218907,2.8,0.000,4.8,0.000
2003-06-27,27250.0,12.9,26.3,1.314476,3.3,0.000,5.0,0.000
2003-06-28,10540.0,10.9,22.6,1.571308,2.3,0.000,1.8,0.000
2003-06-29,22990.0,8.4,23.1,1.280545,1.8,0.000,3.9,0.000
2003-06-30,10230.0,9.8,21.9,1.389124,2.6,3.800,1.8,0.150
2003-07-01,19650.0,13.6,21.9,1.522856,3.6,2.100,3.3,0.054
2003-07-02,11790.0,12.0,18.3,1.493496,4.4,7.600,2.0,0.233
2003-07-03,7270.0,11.2,17.4,1.539509,3.8,18.500,1.2,0.358
2003-07-04,6310.0,13.5,16.4,1.526196,3.5,0.400,1.0,0.012
2003-07-05,10260.0,13.7,19.3,1.513730,3.4,0.000,1.7,0.000
2003-07-06,7140.0,10.3,17.0,1.385573,1.5,0.000,1.2,0.000
2003-07-07,16740.0,11.4,22.2,1.483556,1.4,0.000,2.9,0.000
2003-07-08,19490.0,9.4,23.1,1.389376,1.5,0.000,3.4,0.000
2003-07-09,21570.0,10.1,22.9,1.367499,2.5,0.000,3.8,0.000
2003-07-10,28310.0,7.6,24.3,1.296654,1.1,0.000,4.9,0.000
2003-07-11,19600.0,11.2,25.6,1.609628,3.5,0.000,3.5,0.000
2003-07-12,22190.0,9.8,22.3,1.262140,2.6,0.000,3.8,0.000
2003-07-13,28280.0,7.3,23.4,1.254543,1.9,0.000,4.9,0.000
2003-07-14,28980.0,12.1,26.7,1.307970,4.0,0.000,5.3,0.000
2003-07-15,28380.0,15.0,30.2,1.330629,4.6,0.000,5.5,0.000
2003-07-16,25420.0,16.6,34.1,1.735880,4.5,19.300,5.0,0.100
2003-07-17,10830.0,15.9,21.9,1.827209,3.2,1.400,1.9,0.042
2003-07-18,21600.0,14.6,24.4,1.754827,3.1,0.000,3.9,0.000
2003-07-19,27120.0,14.1,30.0,1.538996,2.0,0.000,5.2,0.000
2003-07-20,22880.0,14.8,32.6,1.717986,2.6,0.000,4.4,0.000
2003-07-21,21900.0,14.3,27.4,1.500322,1.4,28.300,4.0,0.021
2003-07-22,23600.0,13.7,24.2,1.621614,2.2,1.400,4.3,0.029
2003-07-23,24250.0,11.8,25.4,1.421996,2.0,3.000,4.4,0.025
2003-07-24,14140.0,14.4,23.3,1.684636,1.8,2.800,2.5,0.138
2003-07-25,20960.0,14.4,24.1,1.659417,2.5,0.100,3.8,0.004
2003-07-26,15750.0,16.4,23.1,1.714720,2.8,4.800,2.8,0.196
2003-07-27,16370.0,13.9,23.2,1.745073,3.7,3.000,3.0,0.158
2003-07-28,18940.0,11.1,22.9,1.338285,1.8,0.000,3.3,0.000
2003-07-29,23540.0,10.5,25.2,1.349795,2.0,0.000,4.2,0.000
2003-07-30,8270.0,13.0,22.6,1.728582,2.3,3.700,1.4,0.108
2003-07-31,22780.0,11.9,25.5,1.594094,0.9,0.000,4.0,0.000
2003-08-01,23090.0,12.1,27.3,1.631206,1.5,0.000,4.3,0.000
2003-08-02,24370.0,14.2,28.2,1.795923,1.8,0.000,4.6,0.000
2003-08-03,25130.0,14.1,27.1,1.772808,1.9,0.000,4.7,0.000
2003-08-04,24970.0,13.8,28.8,1.616634,2.5,0.000,4.7,0.000
2003-08-05,22440.0,13.6,30.1,1.581819,2.5,0.000,4.2,0.000
2003-08-06,23150.0,15.8,31.0,1.558088,2.7,0.000,4.5,0.000
2003-08-07,21430.0,16.5,35.2,1.886557,1.7,0.000,4.3,0.000
2003-08-08,21970.0,16.8,35.8,1.828503,1.3,0.000,4.4,0.000
2003-08-09,17660.0,15.5,29.2,2.136696,2.0,0.000,3.3,0.000
2003-08-10,21420.0,16.7,29.1,1.877241,1.2,0.000,4.0,0.000
2003-08-11,21140.0,15.4,32.2,1.860680,1.3,0.000,4.1,0.000
2003-08-12,19910.0,15.8,34.7,1.948317,2.3,0.000,4.0,0.000
2003-08-13,19500.0,14.2,27.4,1.687759,3.1,0.000,3.6,0.000
2003-08-14,19430.0,14.0,23.1,1.360890,3.5,0.000,3.4,0.000
2003-08-15,20370.0,9.1,23.2,1.149300,3.1,0.000,3.5,0.000
2003-08-16,17670.0,5.8,23.0,1.023008,1.7,0.000,3.0,0.000
2003-08-17,9300.0,10.9,24.1,1.328786,2.5,1.000,1.6,0.067
2003-08-18,6360.0,14.2,22.4,1.728174,2.3,0.000,1.1,0.000
2003-08-19,13040.0,7.8,23.1,1.239290,3.1,0.800,2.3,0.017
2003-08-20,16080.0,7.4,22.8,1.189737,1.8,0.000,2.7,0.000
2003-08-21,16810.0,7.3,23.8,1.218931,2.2,0.000,2.9,0.000
2003-08-22,6810.0,12.3,21.2,1.655988,3.3,0.200,1.2,0.025
2003-08-23,12830.0,8.8,24.2,1.249577,3.3,1.000,2.3,0.021
2003-08-24,8630.0,7.2,21.2,1.275756,2.0,0.000,1.4,0.000
2003-08-25,17480.0,13.5,24.1,1.425478,1.9,0.000,3.1,0.000
2003-08-26,17180.0,11.7,23.1,1.408280,3.2,0.000,3.0,0.000
2003-08-27,8780.0,13.4,18.7,1.314155,2.8,0.000,1.5,0.000
2003-08-28,12240.0,12.6,21.3,1.295637,1.3,1.500,2.1,0.083
2003-08-29,2950.0,12.3,14.8,1.474121,3.1,19.100,0.5,0.567
2003-08-30,16510.0,8.8,19.7,1.174551,2.8,0.000,2.7,0.000
2003-08-31,14320.0,8.2,18.3,1.184866,3.6,0.000,2.2,0.000
2003-09-01,14080.0,8.5,17.7,1.144920,2.9,5.800,2.2,0.046
2003-09-02,18730.0,6.3,18.8,0.928308,1.5,0.000,2.9,0.000
2003-09-03,17420.0,4.6,20.1,1.047617,1.1,0.000,2.7,0.000
2003-09-04,17060.0,5.9,22.0,1.098871,1.1,0.000,2.8,0.000
2003-09-05,18340.0,8.3,24.6,1.201507,2.9,0.000,3.1,0.000
2003-09-06,6890.0,12.6,21.4,1.535979,1.8,2.400,1.2,0.138
2003-09-07,8420.0,11.0,18.7,1.486649,1.4,0.000,1.4,0.000
2003-09-08,4170.0,12.9,16.3,1.513171,1.0,8.100,0.7,0.425
2003-09-09,10920.0,8.4,19.4,1.317136,1.9,0.600,1.8,0.062
2003-09-10,3870.0,8.0,14.2,1.232757,2.5,21.100,0.6,0.292
2003-09-11,9210.0,9.3,18.4,1.310094,3.7,0.400,1.5,0.008
2003-09-12,9950.0,8.7,19.8,1.313083,1.4,0.300,1.6,0.033
2003-09-13,17830.0,5.5,19.4,1.037351,2.0,0.000,2.8,0.000
2003-09-14,17360.0,5.5,20.7,1.025377,1.3,0.000,2.7,0.000
2003-09-15,14800.0,7.0,22.7,1.245822,1.0,0.000,2.4,0.000
2003-09-16,13850.0,9.3,22.3,1.110838,0.8,0.000,2.3,0.000
2003-09-17,15050.0,8.4,24.0,1.267314,1.3,0.000,2.5,0.000
2003-09-18,15350.0,10.0,26.3,1.275037,2.2,0.000,2.7,0.000
2003-09-19,14630.0,13.0,25.2,1.703110,2.0,0.000,2.6,0.000
2003-09-20,14370.0,13.3,27.4,1.593855,1.5,0.000,2.6,0.000
2003-09-21,13570.0,13.2,24.1,1.643796,2.0,0.000,2.4,0.000
2003-09-22,13770.0,11.6,26.5,1.462437,4.8,3.700,2.5,0.058
2003-09-23,8180.0,5.4,14.1,1.018758,3.2,5.100,1.2,0.175
2003-09-24,12350.0,3.7,15.4,0.870560,1.4,0.000,1.8,0.000
2003-09-25,14730.0,2.7,17.9,0.822122,2.5,0.000,2.2,0.000
2003-09-26,12670.0,4.8,18.1,1.014495,2.8,0.000,2.0,0.000
2003-09-27,12220.0,5.2,17.4,0.894961,1.4,0.000,1.9,0.000
2003-09-28,4810.0,5.3,15.8,1.114116,2.5,8.500,0.7,0.125
2003-09-29,8050.0,5.6,15.4,1.053884,2.7,0.700,1.2,0.075
2003-09-30,12290.0,3.3,16.8,0.989718,2.3,0.000,1.8,0.000
2003-10-01,8280.0,6.4,15.9,1.126269,2.5,6.200,1.3,0.238
2003-10-02,7290.0,9.7,16.4,1.329201,1.6,0.000,1.1,0.000
2003-10-03,3150.0,9.7,15.8,1.385612,1.7,2.000,0.5,0.075
2003-10-04,7320.0,7.8,14.6,1.108522,3.0,2.100,1.1,0.100
2003-10-05,10780.0,4.5,13.7,0.878854,3.3,0.000,1.5,0.000
2003-10-06,1980.0,5.9,10.4,0.925036,5.4,9.300,0.3,0.233
2003-10-07,6390.0,4.6,10.3,0.925078,5.1,28.000,0.9,0.542
2003-10-08,3770.0,7.3,12.2,1.036046,4.6,7.900,0.6,0.208
2003-10-09,3520.0,7.5,13.4,1.138362,3.6,1.200,0.5,0.138
2003-10-10,4970.0,8.4,17.0,1.189289,4.4,1.600,0.8,0.112
2003-10-11,3890.0,4.5,13.6,0.977681,2.5,0.000,0.6,0.000
2003-10-12,10640.0,1.4,13.7,0.808279,1.7,0.000,1.5,0.000
2003-10-13,9260.0,2.9,13.4,0.822542,3.3,0.000,1.3,0.000
2003-10-14,11120.0,3.3,11.7,0.738076,4.0,0.000,1.5,0.000
2003-10-15,10880.0,1.8,12.3,0.716858,3.4,0.000,1.4,0.000
2003-10-16,10620.0,1.3,11.6,0.748925,2.8,0.000,1.4,0.000
2003-10-17,10610.0,1.5,11.0,0.680722,3.6,0.000,1.4,0.000
2003-10-18,10370.0,-2.9,12.2,0.563943,2.6,0.000,1.3,0.000
2003-10-19,8730.0,-1.0,11.7,0.615088,2.3,0.000,1.1,0.000
2003-10-20,5910.0,-1.1,9.6,0.712155,2.8,0.000,0.7,0.000
2003-10-21,5030.0,0.8,8.2,0.742321,1.9,0.700,0.6,0.104
2003-10-22,5840.0,1.7,7.7,0.762282,3.7,0.000,0.7,0.000
2003-10-23,9230.0,-4.6,5.7,0.517612,3.5,0.000,1.0,0.000
2003-10-24,2290.0,-6.4,2.5,0.512759,2.7,0.500,0.2,0.062
2003-10-25,2650.0,1.0,7.8,0.793982,4.6,1.500,0.3,0.121
2003-10-26,2420.0,0.9,8.6,0.796696,3.5,4.300,0.3,0.112
2003-10-27,8240.0,-2.7,7.0,0.601001,1.2,0.000,0.9,0.000
2003-10-28,6030.0,-2.6,8.0,0.665237,1.3,0.000,0.7,0.000
2003-10-29,7160.0,-1.2,8.9,0.644748,2.6,0.000,0.9,0.000
2003-10-30,2510.0,3.9,9.0,0.871514,2.8,0.000,0.3,0.000
2003-10-31,2350.0,3.7,11.8,0.975496,3.6,2.900,0.3,0.354
2003-11-01,1350.0,8.2,10.1,1.113138,3.1,3.300,0.2,0.346
2003-11-02,4600.0,5.5,11.8,0.950210,5.7,9.100,0.7,0.196
2003-11-03,3750.0,8.7,13.0,1.105392,6.3,8.500,0.6,0.117
2003-11-04,6550.0,2.7,12.0,0.959968,2.7,0.000,0.9,0.000
2003-11-05,6760.0,0.6,13.8,0.902847,2.5,0.000,0.9,0.000
2003-11-06,6600.0,0.8,13.6,0.785761,2.3,0.000,0.9,0.000
2003-11-07,6310.0,1.9,8.4,0.746683,4.9,0.000,0.8,0.000
2003-11-08,6420.0,3.8,9.2,0.787786,5.5,0.000,0.9,0.000
2003-11-09,6030.0,0.8,12.0,0.818319,3.1,0.000,0.8,0.000
2003-11-10,4830.0,2.8,12.3,0.884484,2.7,0.000,0.6,0.000
2003-11-11,830.0,-1.2,3.8,0.638998,2.9,0.000,0.1,0.000
2003-11-12,4740.0,-1.3,7.6,0.676473,2.5,0.000,0.6,0.000
2003-11-13,5210.0,6.2,12.1,1.038804,2.6,0.500,0.7,0.054
2003-11-14,2190.0,1.8,8.9,0.786829,3.9,1.700,0.3,0.088
2003-11-15,1270.0,4.7,9.9,0.938789,4.3,0.000,0.2,0.000
2003-11-16,1110.0,3.8,6.9,0.864582,1.8,5.200,0.1,0.354
2003-11-17,2300.0,5.6,8.9,0.941711,5.0,0.500,0.3,0.100
2003-11-18,550.0,8.0,12.6,1.200242,5.7,1.200,0.1,0.275
2003-11-19,900.0,11.6,13.3,1.356676,6.1,0.400,0.1,0.104
2003-11-20,670.0,8.1,11.8,1.150605,3.6,0.000,0.1,0.000
2003-11-21,2840.0,7.4,11.0,1.053580,3.0,0.000,0.4,0.000
2003-11-22,1990.0,7.9,13.9,1.152064,3.5,1.800,0.3,0.046
2003-11-23,2140.0,10.8,15.5,1.251594,3.4,0.600,0.3,0.042
2003-11-24,850.0,6.9,12.7,1.092295,2.1,1.600,0.1,0.100
2003-11-25,2070.0,4.4,8.7,0.913222,1.9,0.000,0.3,0.000
2003-11-26,3430.0,6.6,11.2,0.938309,4.9,2.600,0.5,0.179
2003-11-27,1660.0,5.2,8.3,0.951404,1.9,0.000,0.2,0.000
2003-11-28,3720.0,0.6,8.0,0.774923,2.1,0.000,0.5,0.000
2003-11-29,3620.0,2.3,6.3,0.737578,3.3,0.000,0.4,0.000
2003-11-30,730.0,4.8,8.2,0.849916,3.9,0.400,0.1,0.071
2003-12-01,2660.0,5.7,12.8,1.033742,3.8,0.700,0.4,0.079
2003-12-02,2150.0,0.3,7.7,0.758827,2.1,0.000,0.3,0.000
2003-12-03,1230.0,-0.6,5.1,0.727136,2.6,0.000,0.1,0.000
2003-12-04,360.0,3.3,5.2,0.820463,4.2,0.000,0.0,0.000
2003-12-05,1190.0,2.8,4.5,0.769434,2.3,0.000,0.1,0.000
2003-12-06,2970.0,-1.5,8.1,0.554451,4.5,2.000,0.4,0.129
2003-12-07,4380.0,-5.2,1.5,0.399788,2.5,0.000,0.4,0.000
2003-12-08,4440.0,-6.9,2.6,0.414162,1.9,0.000,0.4,0.000
2003-12-09,3940.0,-8.1,5.7,0.374478,1.8,0.000,0.4,0.000
2003-12-10,3860.0,-6.3,4.3,0.432575,1.4,0.000,0.4,0.000
2003-12-11,1100.0,-1.7,5.7,0.640544,5.3,3.600,0.1,0.196
2003-12-12,2160.0,-2.6,7.5,0.734324,2.8,0.700,0.3,0.079
2003-12-13,350.0,7.5,12.1,1.127356,7.5,21.400,0.1,0.858
2003-12-14,2060.0,2.2,10.2,0.863640,5.8,13.600,0.3,0.229
2003-12-15,1730.0,0.3,4.1,0.625101,4.9,1.700,0.2,0.062
2003-12-16,2050.0,2.3,6.3,0.741085,3.0,0.000,0.3,0.000
2003-12-17,2270.0,-0.1,6.4,0.670780,3.0,0.000,0.3,0.000
2003-12-18,3510.0,-2.6,7.5,0.604726,2.0,0.000,0.4,0.000
2003-12-19,920.0,0.9,5.0,0.715272,2.8,0.000,0.1,0.000
2003-12-20,840.0,4.7,10.5,0.947690,5.8,4.800,0.1,0.204
2003-12-21,760.0,0.5,8.2,0.710453,8.4,8.100,0.1,0.312
2003-12-22,2980.0,-2.8,2.6,0.512353,3.8,0.000,0.3,0.000
2003-12-23,640.0,-2.4,1.5,0.589584,3.9,5.000,0.1,0.346
2003-12-24,1190.0,1.4,5.0,0.730495,4.4,0.300,0.1,0.050
2003-12-25,440.0,5.0,8.0,0.930631,5.0,0.100,0.1,0.017
2003-12-26,1780.0,6.1,8.9,0.918510,5.7,0.100,0.2,0.025
2003-12-27,2250.0,4.8,8.9,0.851926,6.0,4.100,0.3,0.138
2003-12-28,770.0,2.9,9.7,0.871891,5.8,17.500,0.1,0.442
2003-12-29,2810.0,0.5,5.2,0.680621,3.9,0.000,0.3,0.000
2003-12-30,2100.0,0.0,4.0,0.664247,1.2,0.000,0.2,0.000
2003-12-31,750.0,-1.5,2.6,0.597696,2.8,0.000,0.1,0.000
2004-01-01,880.0,-1.5,0.6,0.521975,4.0,0.000,0.1,0.000
2004-01-02,3280.0,-4.5,-0.1,0.429607,4.2,0.000,0.3,0.000
2004-01-03,2470.0,-4.7,-0.7,0.383084,2.2,0.000,0.2,0.000
2004-01-04,1130.0,-3.6,3.9,0.557085,3.6,1.700,0.1,0.204
2004-01-05,570.0,1.1,3.7,0.712931,2.3,0.500,0.1,0.067
2004-01-06,350.0,3.5,8.4,0.921667,4.8,6.000,0.0,0.517
2004-01-07,1440.0,3.6,7.7,0.905081,2.9,0.000,0.2,0.000
2004-01-08,2460.0,2.8,6.1,0.759596,5.1,1.900,0.3,0.083
2004-01-09,770.0,4.6,6.7,0.871998,3.6,2.900,0.1,0.171
2004-01-10,1620.0,3.5,6.6,0.822344,3.7,0.100,0.2,0.008
2004-01-11,580.0,4.6,11.8,0.963954,6.5,13.600,0.1,0.392
2004-01-12,1200.0,3.6,6.2,0.794328,4.5,3.500,0.2,0.225
2004-01-13,1040.0,5.0,9.2,0.894355,7.3,11.200,0.1,0.292
2004-01-14,1330.0,1.1,7.0,0.738186,5.5,7.800,0.2,0.254
2004-01-15,1710.0,0.2,5.8,0.706437,5.0,5.600,0.2,0.196
2004-01-16,1000.0,4.3,6.8,0.814510,8.9,11.400,0.1,0.529
2004-01-17,670.0,3.7,5.6,0.768182,7.7,4.900,0.1,0.267
2004-01-18,2750.0,-1.4,3.7,0.560153,3.9,0.000,0.3,0.000
2004-01-19,670.0,0.3,8.3,0.799357,6.1,13.200,0.1,0.850
2004-01-20,4150.0,0.0,7.8,0.678022,3.0,0.400,0.5,0.037
2004-01-21,4500.0,-2.7,2.5,0.486473,1.2,0.000,0.5,0.000
2004-01-22,1250.0,-1.3,2.1,0.494665,3.1,0.000,0.1,0.000
2004-01-23,4880.0,-1.2,5.5,0.521653,2.5,0.000,0.6,0.000
2004-01-24,690.0,-0.1,3.7,0.554003,3.0,3.900,0.1,0.208
2004-01-25,2710.0,-0.4,5.5,0.725657,2.2,0.000,0.3,0.000
2004-01-26,3380.0,-2.1,4.5,0.602903,2.3,0.000,0.4,0.000
2004-01-27,2250.0,-2.1,1.0,0.531676,2.0,0.100,0.2,0.012
2004-01-28,2060.0,-1.4,1.3,0.591049,3.9,4.100,0.2,0.333
2004-01-29,3890.0,-6.1,2.4,0.505856,5.5,1.300,0.4,0.112
2004-01-30,2220.0,-0.3,3.2,0.478569,6.5,0.000,0.3,0.000
2004-01-31,720.0,1.8,11.5,0.717153,8.8,9.800,0.1,0.388
2004-02-01,2700.0,8.4,11.7,1.051649,8.4,6.100,0.4,0.233
2004-02-02,640.0,8.5,11.8,1.116888,7.1,11.200,0.1,0.371
2004-02-03,2500.0,9.9,14.8,1.154955,6.0,0.000,0.4,0.000
2004-02-04,1830.0,10.7,15.5,1.184226,6.1,0.700,0.3,0.067
2004-02-05,1170.0,11.0,15.1,1.241936,6.7,2.700,0.2,0.142
2004-02-06,1640.0,9.8,12.9,1.203766,6.1,4.500,0.2,0.167
2004-02-07,1400.0,3.1,9.9,0.826010,8.5,6.500,0.2,0.200
2004-02-08,3470.0,0.5,5.6,0.654599,7.3,11.600,0.4,0.354
2004-02-09,4160.0,0.6,5.0,0.673454,4.3,3.100,0.5,0.138
2004-02-10,2220.0,0.0,6.5,0.702271,5.8,9.400,0.3,0.304
2004-02-11,1840.0,0.5,7.7,0.754966,3.9,1.100,0.2,0.138
2004-02-12,2580.0,-0.1,6.1,0.689242,1.9,0.200,0.3,0.058
2004-02-13,1920.0,6.1,8.6,1.007155,1.9,0.900,0.3,0.079
2004-02-14,3020.0,4.6,8.5,0.880474,1.9,0.200,0.4,0.042
2004-02-15,5100.0,0.4,7.4,0.752033,1.0,0.000,0.6,0.000
2004-02-16,2620.0,-0.9,4.7,0.674632,1.2,0.000,0.3,0.000
2004-02-17,2830.0,0.8,6.0,0.721067,2.5,0.200,0.3,0.017
2004-02-18,7730.0,1.2,8.1,0.658768,4.0,0.000,1.0,0.000
2004-02-19,7400.0,-1.3,3.2,0.495445,4.8,0.000,0.8,0.000
2004-02-20,9960.0,-3.0,4.1,0.433317,5.3,0.000,1.1,0.000
2004-02-21,4100.0,-3.6,2.4,0.461639,3.1,0.000,0.4,0.000
2004-02-22,5230.0,-3.0,5.9,0.524593,3.9,0.000,0.6,0.000
2004-02-23,9690.0,-4.7,5.5,0.401219,3.4,0.000,1.0,0.000
2004-02-24,6460.0,-4.3,4.9,0.525235,4.3,4.300,0.7,0.292
2004-02-25,8740.0,-2.4,3.6,0.568304,3.8,1.400,0.9,0.092
2004-02-26,5170.0,-2.9,1.7,0.540167,4.3,4.700,0.5,0.183
2004-02-27,9940.0,-4.5,1.2,0.467521,3.3,0.000,1.0,0.000
2004-02-28,7850.0,-4.6,2.3,0.483082,1.4,0.000,0.8,0.000
2004-02-29,9870.0,-4.4,3.2,0.489387,2.7,0.000,1.0,0.000
2004-03-01,10500.0,-5.0,4.8,0.485944,2.9,0.000,1.1,0.000
2004-03-02,5960.0,2.7,7.6,0.712490,4.6,0.000,0.7,0.000
2004-03-03,5700.0,-2.3,5.3,0.640928,2.7,0.000,0.6,0.000
2004-03-04,8390.0,-2.6,8.2,0.524088,3.5,0.000,1.0,0.000
2004-03-05,11020.0,-1.9,6.4,0.514211,4.1,0.000,1.3,0.000
2004-03-06,3730.0,0.2,3.9,0.617684,2.1,0.900,0.4,0.100
2004-03-07,7020.0,-1.9,7.6,0.670124,2.5,0.300,0.8,0.033
2004-03-08,12350.0,-4.6,8.2,0.574862,3.3,0.000,1.4,0.000
2004-03-09,5490.0,-1.8,3.6,0.525749,4.5,0.000,0.6,0.000
2004-03-10,3320.0,-0.6,2.6,0.609783,3.8,0.200,0.4,0.046
2004-03-11,7330.0,-1.7,4.9,0.570107,3.0,0.000,0.8,0.000
2004-03-12,6810.0,-0.2,7.3,0.554842,4.2,1.200,0.8,0.154
2004-03-13,6630.0,4.5,11.0,0.845937,4.8,2.900,0.9,0.167
2004-03-14,12240.0,4.4,13.9,0.849119,6.0,0.100,1.8,0.012
2004-03-15,4160.0,9.8,13.6,1.079987,5.9,0.000,0.6,0.000
2004-03-16,3390.0,8.6,15.0,1.224372,4.2,0.100,0.5,0.008
2004-03-17,13530.0,4.8,20.2,1.029487,2.9,0.000,2.1,0.000
2004-03-18,5900.0,1.9,14.9,1.011119,2.9,0.700,0.9,0.033
2004-03-19,6240.0,7.2,13.1,0.957351,6.5,11.000,0.9,0.292
2004-03-20,2600.0,6.9,13.3,1.052694,9.9,8.300,0.4,0.296
2004-03-21,10500.0,4.9,12.0,0.835947,9.1,1.900,1.5,0.050
2004-03-22,7890.0,-0.1,9.7,0.715312,4.8,3.100,1.0,0.129
2004-03-23,13040.0,-0.1,10.9,0.704397,1.8,0.000,1.6,0.000
2004-03-24,6800.0,-0.7,7.5,0.663428,3.6,0.000,0.8,0.000
2004-03-25,11480.0,-1.5,7.7,0.530263,2.9,0.000,1.3,0.000
2004-03-26,11690.0,-4.1,7.7,0.501699,2.4,0.000,1.3,0.000
2004-03-27,15890.0,-4.5,8.7,0.486533,1.6,0.000,1.9,0.000
2004-03-28,11490.0,-0.6,11.0,0.607316,1.9,0.000,1.5,0.000
2004-03-29,13930.0,-2.6,13.7,0.649474,1.5,0.000,1.8,0.000
2004-03-30,17930.0,2.2,16.0,0.709177,4.5,0.000,2.6,0.000
2004-03-31,14610.0,1.9,15.9,0.711273,3.4,0.000,2.1,0.000
2004-04-01,16980.0,4.6,19.3,0.855768,4.1,0.000,2.6,0.000
2004-04-02,12870.0,6.7,18.2,0.966700,4.2,0.000,2.0,0.000
2004-04-03,7670.0,10.3,15.8,1.096083,4.8,0.000,1.2,0.000
2004-04-04,11600.0,6.4,13.3,0.878377,6.4,2.600,1.7,0.171
2004-04-05,12450.0,3.6,11.1,0.848631,6.0,7.100,1.7,0.154
2004-04-06,8110.0,3.7,8.7,0.816968,4.5,11.500,1.0,0.250
2004-04-07,8570.0,3.3,8.2,0.795658,4.8,8.300,1.1,0.300
2004-04-08,12130.0,2.5,8.6,0.749630,3.4,2.900,1.6,0.075
2004-04-09,9520.0,0.6,10.8,0.762707,2.5,0.000,1.2,0.000
2004-04-10,5950.0,-1.1,8.7,0.644606,3.0,0.200,0.7,0.029
2004-04-11,11330.0,1.2,10.4,0.666648,2.0,0.000,1.5,0.000
2004-04-12,11730.0,-1.2,11.2,0.742532,1.6,0.000,1.6,0.000
2004-04-13,14490.0,2.2,12.9,0.819465,3.0,0.100,2.0,0.012
2004-04-14,19220.0,-1.0,16.0,0.720265,1.5,0.000,2.6,0.000
2004-04-15,20160.0,2.0,17.9,0.683199,2.2,0.000,3.0,0.000
2004-04-16,20210.0,4.0,19.9,0.803432,2.2,0.000,3.2,0.000
2004-04-17,18370.0,5.2,20.9,0.753732,2.8,0.000,3.0,0.000
2004-04-18,12610.0,6.9,14.7,0.899375,5.4,0.400,1.9,0.088
2004-04-19,13080.0,4.0,11.7,0.711578,3.4,0.000,1.8,0.000
2004-04-20,19470.0,4.3,15.5,0.729626,2.1,0.000,2.8,0.000
2004-04-21,14470.0,2.4,18.3,0.990017,2.6,0.000,2.2,0.000
2004-04-22,11640.0,6.6,18.9,1.237018,2.4,4.200,1.8,0.175
2004-04-23,20160.0,3.4,17.0,0.841243,3.3,0.000,3.0,0.000
2004-04-24,16640.0,2.3,17.2,0.827845,2.4,0.000,2.5,0.000
2004-04-25,21840.0,1.3,17.2,0.773722,2.0,0.000,3.2,0.000
2004-04-26,16240.0,4.7,18.8,0.907188,2.1,0.000,2.5,0.000
2004-04-27,22510.0,6.3,20.9,1.000088,3.7,0.000,3.7,0.000
2004-04-28,15300.0,9.4,20.8,1.235322,3.5,8.100,2.5,0.163
2004-04-29,13910.0,11.1,18.5,1.279844,3.4,0.500,2.3,0.042
2004-04-30,21940.0,10.4,22.9,1.353074,4.3,0.000,3.7,0.000
2004-05-01,12950.0,9.5,20.6,1.364270,3.3,3.000,2.1,0.138
2004-05-02,5500.0,9.8,14.7,1.211132,2.9,0.000,0.9,0.000
2004-05-03,15800.0,6.5,19.4,1.048781,2.4,7.900,2.5,0.188
2004-05-04,13570.0,8.0,13.9,1.007290,3.7,0.800,2.0,0.138
2004-05-05,18090.0,4.6,15.3,0.807241,3.2,0.000,2.7,0.000
2004-05-06,12260.0,2.4,15.6,0.935432,1.7,0.900,1.8,0.146
2004-05-07,2640.0,7.6,9.2,1.052611,3.8,28.800,0.4,0.829
2004-05-08,9950.0,5.6,12.7,0.945003,3.0,0.000,1.4,0.000
2004-05-09,15760.0,3.9,16.0,0.945226,1.1,1.500,2.4,0.117
2004-05-10,19900.0,10.3,19.1,1.376748,2.1,0.100,3.2,0.025
2004-05-11,15080.0,8.5,16.3,1.131374,3.8,0.000,2.3,0.000
2004-05-12,8150.0,7.7,12.4,0.949325,3.7,0.000,1.2,0.000
2004-05-13,6850.0,7.1,14.0,1.056753,3.5,0.900,1.0,0.050
2004-05-14,14700.0,6.0,16.2,0.936888,1.8,0.000,2.2,0.000
2004-05-15,17900.0,5.3,20.9,1.074673,3.8,0.000,2.8,0.000
2004-05-16,17210.0,7.9,19.5,1.173476,2.9,0.000,2.8,0.000
2004-05-17,22850.0,6.2,21.6,1.114366,1.4,0.000,3.8,0.000
2004-05-18,24520.0,7.2,21.6,1.147810,2.5,0.000,4.0,0.000
2004-05-19,25460.0,4.9,23.8,0.959480,3.9,0.000,4.2,0.000
2004-05-20,16850.0,7.6,20.0,1.077914,2.9,0.000,2.7,0.000
2004-05-21,15140.0,3.7,15.3,0.783529,4.3,0.400,2.2,0.037
2004-05-22,19240.0,1.2,14.6,0.698710,4.3,0.100,2.7,0.004
2004-05-23,23990.0,3.5,15.4,0.680020,4.3,0.500,3.5,0.054
2004-05-24,21210.0,4.0,17.3,0.905575,2.9,0.000,3.2,0.000
2004-05-25,11580.0,4.9,14.8,0.929511,2.7,0.700,1.7,0.058
2004-05-26,17720.0,2.6,14.6,0.789313,2.8,0.000,2.5,0.000
2004-05-27,14170.0,1.0,14.1,0.767548,2.2,0.000,2.0,0.000
2004-05-28,27490.0,1.4,19.5,0.787951,1.4,0.000,4.2,0.000
2004-05-29,28460.0,4.2,23.3,0.835198,2.0,0.000,4.8,0.000
2004-05-30,21640.0,11.9,24.2,1.128760,2.9,1.600,3.8,0.142
2004-05-31,7790.0,9.8,16.8,1.320741,2.0,21.000,1.2,0.425
2004-06-01,24460.0,7.5,21.5,1.185139,1.5,0.000,4.1,0.000
2004-06-02,9650.0,9.4,19.2,1.418191,3.1,5.300,1.5,0.129
2004-06-03,20280.0,8.5,19.6,1.347729,2.7,0.000,3.3,0.000
2004-06-04,7900.0,11.0,18.6,1.429633,3.0,2.600,1.3,0.150
2004-06-05,9340.0,7.5,15.3,1.191246,3.1,0.400,1.5,0.008
2004-06-06,16920.0,5.7,19.1,1.132330,1.0,0.000,2.7,0.000
2004-06-07,26430.0,8.3,25.2,1.407511,1.7,0.000,4.7,0.000
2004-06-08,25850.0,11.4,28.8,1.663917,1.5,0.000,4.8,0.000
2004-06-09,22870.0,14.6,26.6,1.635115,3.1,0.000,4.3,0.000
2004-06-10,14540.0,12.7,23.6,1.680927,2.1,0.700,2.6,0.054
2004-06-11,21120.0,10.7,21.9,1.347285,4.2,0.000,3.6,0.000
2004-06-12,14920.0,10.2,18.0,1.330084,3.0,8.900,2.4,0.179
2004-06-13,11370.0,7.3,16.9,1.117270,2.8,0.000,1.8,0.000
2004-06-14,18980.0,5.7,22.5,1.366425,3.0,0.000,3.2,0.000
2004-06-15,19120.0,10.0,23.8,1.591839,4.1,0.000,3.3,0.000
2004-06-16,19110.0,8.6,18.6,1.108501,3.1,0.000,3.1,0.000
2004-06-17,11210.0,12.5,19.8,1.373861,4.8,0.300,1.9,0.021
2004-06-18,10100.0,12.4,17.2,1.412704,2.7,1.100,1.6,0.096
2004-06-19,21440.0,7.6,15.6,1.045276,3.2,2.500,3.3,0.054
2004-06-20,20590.0,7.5,17.5,1.037283,3.4,0.900,3.2,0.062
2004-06-21,16120.0,7.7,17.9,1.140327,2.6,0.800,2.5,0.025
2004-06-22,18890.0,10.4,19.3,1.294567,2.5,1.400,3.1,0.058
2004-06-23,12580.0,14.0,21.5,1.605596,6.5,8.300,2.2,0.312
2004-06-24,18720.0,12.0,18.6,1.210198,8.4,2.100,3.1,0.121
2004-06-25,9890.0,7.9,16.2,1.207377,4.9,5.000,1.5,0.242
2004-06-26,21910.0,5.3,21.0,1.050237,1.5,0.000,3.6,0.000
2004-06-27,18810.0,12.8,24.1,1.715433,3.3,1.500,3.3,0.117
2004-06-28,22390.0,8.1,20.8,1.113435,4.0,0.000,3.7,0.000
2004-06-29,18700.0,7.9,21.2,1.223656,3.3,0.000,3.1,0.000
2004-06-30,19080.0,12.6,24.0,1.417132,2.5,0.000,3.4,0.000
2004-07-01,15960.0,10.8,19.0,1.316497,3.8,3.500,2.6,0.067
2004-07-02,19030.0,10.3,19.2,1.299432,4.0,2.400,3.1,0.054
2004-07-03,19960.0,12.2,19.4,1.299953,5.5,5.900,3.3,0.067
2004-07-04,13030.0,12.7,18.7,1.416621,3.6,0.100,2.2,0.025
2004-07-05,18220.0,9.3,19.3,1.312876,2.1,6.300,3.0,0.246
2004-07-06,27680.0,7.1,21.2,1.015469,1.4,0.000,4.6,0.000
2004-07-07,22920.0,10.9,23.2,1.316089,4.3,3.600,4.0,0.092
2004-07-08,12230.0,13.6,21.8,1.617343,2.4,3.800,2.1,0.050
2004-07-09,10150.0,12.9,18.8,1.600581,3.1,17.200,1.7,0.300
2004-07-10,16480.0,10.6,18.9,1.214067,3.5,1.100,2.7,0.042
2004-07-11,14620.0,9.8,17.8,1.242051,3.6,0.700,2.4,0.021
2004-07-12,7110.0,12.3,15.9,1.405585,3.5,8.700,1.1,0.308
2004-07-13,15590.0,9.2,17.0,1.134059,3.6,0.000,2.5,0.000
2004-07-14,12970.0,10.9,20.7,1.347014,4.0,5.300,2.2,0.183
2004-07-15,8630.0,15.1,19.7,1.736146,3.3,0.100,1.5,0.008
2004-07-16,12370.0,14.8,21.9,1.845064,2.8,0.100,2.2,0.008
2004-07-17,21500.0,13.2,28.5,1.860195,2.3,17.900,4.0,0.096
2004-07-18,13200.0,14.4,23.2,1.821564,1.8,4.400,2.4,0.079
2004-07-19,21080.0,12.6,22.0,1.487588,2.4,0.000,3.6,0.000
2004-07-20,6760.0,12.5,19.4,1.663682,2.0,13.600,1.1,0.204
2004-07-21,18450.0,12.3,26.4,1.765008,1.4,1.500,3.2,0.079
2004-07-22,21820.0,14.0,26.2,1.734684,1.1,0.000,3.9,0.000
2004-07-23,19160.0,14.1,25.6,1.986626,3.2,0.100,3.5,0.012
2004-07-24,23230.0,9.8,23.0,1.400433,1.9,0.000,4.1,0.000
2004-07-25,8570.0,12.7,18.3,1.479970,2.6,2.700,1.4,0.192
2004-07-26,19300.0,9.3,20.5,1.267228,2.6,2.000,3.2,0.037
2004-07-27,23980.0,7.6,22.0,1.209368,1.1,0.000,4.0,0.000
2004-07-28,22530.0,9.4,23.2,1.351603,1.8,0.000,3.9,0.000
2004-07-29,25580.0,12.0,25.7,1.404705,2.7,0.000,4.6,0.000
2004-07-30,23690.0,12.1,28.2,1.595484,1.7,0.200,4.4,0.008
2004-07-31,21580.0,13.1,26.5,1.629091,1.8,0.000,4.0,0.000
2004-08-01,20840.0,13.5,24.4,1.667609,2.3,0.000,3.7,0.000
2004-08-02,23730.0,11.8,26.6,1.573209,1.8,0.000,4.3,0.000
2004-08-03,23770.0,12.5,28.1,1.610962,1.8,0.000,4.4,0.000
2004-08-04,21740.0,15.9,28.3,1.886531,2.5,0.000,4.1,0.000
2004-08-05,18320.0,16.2,31.4,1.752651,2.1,0.000,3.5,0.000
2004-08-06,22230.0,15.4,33.3,1.708837,1.6,0.000,4.3,0.000
2004-08-07,17430.0,15.6,30.0,2.107801,1.6,0.000,3.3,0.000
2004-08-08,23520.0,13.8,31.4,1.561023,3.6,0.000,4.6,0.000
2004-08-09,23160.0,17.1,32.3,1.524523,4.6,0.000,4.6,0.000
2004-08-10,14730.0,17.3,30.0,1.773872,3.8,1.800,2.8,0.154
2004-08-11,13650.0,14.5,25.4,1.790566,2.2,22.100,2.5,0.217
2004-08-12,11490.0,13.7,27.5,1.895772,2.7,22.200,2.1,0.188
2004-08-13,9380.0,15.3,20.6,1.862355,3.9,8.000,1.6,0.279
2004-08-14,17890.0,15.9,24.3,1.912073,3.1,0.200,3.2,0.025
2004-08-15,13530.0,15.8,23.9,1.808095,2.0,0.000,2.4,0.000
2004-08-16,8230.0,14.8,22.6,1.834234,2.1,0.900,1.5,0.058
2004-08-17,16580.0,14.8,24.3,1.827484,2.3,0.000,3.0,0.000
2004-08-18,17840.0,16.6,27.0,1.941806,3.6,25.000,3.3,0.121
2004-08-19,14750.0,15.9,23.0,1.686969,5.2,0.300,2.6,0.021
2004-08-20,12560.0,14.0,21.2,1.573002,3.4,3.500,2.2,0.096
2004-08-21,7140.0,8.4,17.8,1.304466,2.7,1.500,1.1,0.071
2004-08-22,14670.0,8.1,20.4,1.217739,2.0,0.000,2.4,0.000
2004-08-23,12510.0,9.6,23.1,1.506545,2.8,0.000,2.1,0.000
2004-08-24,13350.0,13.8,22.2,1.683161,3.3,3.900,2.3,0.100
2004-08-25,9230.0,13.9,19.4,1.682703,3.9,5.000,1.5,0.088
2004-08-26,12770.0,10.9,20.3,1.525719,3.9,4.100,2.1,0.096
2004-08-27,3520.0,13.6,16.0,1.546380,4.1,9.400,0.6,0.354
2004-08-28,16310.0,9.3,21.0,1.344305,1.8,1.100,2.7,0.029
2004-08-29,14450.0,8.5,20.2,1.312491,2.8,1.100,2.4,0.029
2004-08-30,9500.0,12.3,18.1,1.396078,4.6,5.300,1.5,0.192
2004-08-31,11580.0,9.9,18.3,1.348751,4.0,9.000,1.9,0.088
2004-09-01,15580.0,9.1,20.2,1.329705,1.7,0.000,2.5,0.000
2004-09-02,18640.0,8.0,22.4,1.276018,2.3,0.000,3.1,0.000
2004-09-03,17560.0,9.4,25.4,1.524602,1.5,0.000,3.1,0.000
2004-09-04,15550.0,12.3,26.9,1.725452,1.3,0.000,2.8,0.000
2004-09-05,17310.0,13.6,26.8,1.694956,1.8,0.000,3.2,0.000
2004-09-06,18960.0,10.9,26.0,1.553076,2.7,0.000,3.4,0.000
2004-09-07,16630.0,11.4,24.7,1.687365,3.5,0.000,2.9,0.000
2004-09-08,17490.0,7.6,21.7,1.326696,2.5,0.000,2.9,0.000
2004-09-09,17950.0,8.4,22.3,1.175366,3.5,0.000,3.0,0.000
2004-09-10,17600.0,6.7,25.9,1.139399,3.1,0.000,3.1,0.000
2004-09-11,10670.0,14.4,22.4,1.678992,3.5,1.400,1.9,0.062
2004-09-12,16430.0,12.3,19.0,1.214039,5.8,0.000,2.7,0.000
2004-09-13,10210.0,12.0,20.2,1.414134,4.9,5.100,1.7,0.146
2004-09-14,14200.0,11.1,19.5,1.291699,5.3,0.000,2.3,0.000
2004-09-15,8630.0,7.3,16.6,1.233553,3.7,1.700,1.3,0.096
2004-09-16,14590.0,5.3,17.6,0.988789,1.8,0.000,2.2,0.000
2004-09-17,15080.0,8.0,19.7,1.079500,2.5,0.000,2.4,0.000
2004-09-18,14140.0,11.6,23.0,1.267699,3.5,1.700,2.4,0.104
2004-09-19,14030.0,9.2,19.0,1.218427,2.9,5.800,2.3,0.125
2004-09-20,3050.0,10.3,15.1,1.259856,5.5,12.200,0.5,0.233
2004-09-21,9900.0,9.9,16.5,1.171171,6.0,4.800,1.5,0.183
2004-09-22,4090.0,9.5,13.2,1.234352,4.3,6.500,0.6,0.350
2004-09-23,5400.0,9.9,15.0,1.268865,4.0,8.300,0.8,0.383
2004-09-24,9470.0,7.6,15.6,1.206365,3.9,6.100,1.4,0.179
2004-09-25,6820.0,10.2,14.6,1.172780,3.3,1.000,1.0,0.125
2004-09-26,9390.0,8.0,17.9,1.264506,2.6,0.000,1.5,0.000
2004-09-27,8580.0,10.3,19.0,1.400244,2.8,1.500,1.4,0.150
2004-09-28,4810.0,11.3,18.3,1.514680,3.7,3.600,0.8,0.092
2004-09-29,8300.0,7.1,15.6,1.114613,3.8,1.400,1.3,0.075
2004-09-30,9770.0,7.1,16.1,1.130663,1.8,1.200,1.5,0.050
2004-10-01,5220.0,10.7,16.6,1.439838,2.1,0.100,0.8,0.017
2004-10-02,9060.0,10.8,16.5,1.200790,3.2,1.900,1.4,0.054
2004-10-03,9360.0,9.0,17.1,1.241604,3.0,0.000,1.5,0.000
2004-10-04,7910.0,11.6,20.4,1.539020,3.3,0.000,1.3,0.000
2004-10-05,3300.0,12.1,18.5,1.604016,3.0,0.100,0.5,0.012
2004-10-06,9030.0,8.9,16.5,1.226825,4.0,0.700,1.4,0.012
2004-10-07,9470.0,5.6,15.7,1.038672,4.0,0.000,1.4,0.000
2004-10-08,8460.0,3.1,15.3,0.951491,1.2,0.000,1.2,0.000
2004-10-09,11380.0,1.2,15.3,0.854693,1.4,0.000,1.6,0.000
2004-10-10,11610.0,5.1,12.8,0.882696,3.9,0.000,1.6,0.000
2004-10-11,11700.0,3.2,11.8,0.744963,6.2,0.000,1.6,0.000
2004-10-12,11080.0,4.1,11.6,0.778350,5.3,0.000,1.5,0.000
2004-10-13,8800.0,3.4,15.9,1.007769,2.8,0.000,1.3,0.000
2004-10-14,7180.0,8.8,15.6,1.134939,3.9,0.100,1.1,0.025
2004-10-15,7730.0,7.5,14.0,0.987604,2.7,4.700,1.1,0.158
2004-10-16,3000.0,6.1,9.6,0.956221,2.7,0.700,0.4,0.083
2004-10-17,2360.0,7.2,9.9,1.028288,3.2,1.500,0.3,0.079
2004-10-18,4200.0,5.5,11.8,1.012498,3.8,1.200,0.6,0.088
2004-10-19,9180.0,3.1,14.2,0.964590,2.9,0.000,1.3,0.000
2004-10-20,1690.0,7.1,16.7,1.345367,4.3,9.900,0.3,0.217
2004-10-21,8970.0,10.7,17.2,1.239190,6.5,3.300,1.4,0.079
2004-10-22,8640.0,10.3,16.3,1.181426,4.8,0.000,1.4,0.000
2004-10-23,1660.0,13.2,18.1,1.496881,5.3,2.000,0.3,0.150
2004-10-24,3310.0,15.4,18.4,1.595320,3.7,0.000,0.6,0.000
2004-10-25,4830.0,10.3,16.5,1.167587,5.8,0.000,0.8,0.000
2004-10-26,6930.0,2.5,13.1,0.867035,2.4,0.000,1.0,0.000
2004-10-27,5490.0,-0.1,11.9,0.839621,3.6,0.000,0.7,0.000
2004-10-28,4240.0,7.9,15.3,1.240226,3.3,1.200,0.6,0.158
2004-10-29,3560.0,6.4,16.4,1.249940,1.7,5.700,0.5,0.092
2004-10-30,2230.0,8.1,11.9,1.215820,1.5,0.000,0.3,0.000
2004-10-31,2350.0,2.8,12.0,0.976641,2.3,0.000,0.3,0.000
2004-11-01,3110.0,2.7,9.7,0.876359,3.2,0.000,0.4,0.000
2004-11-02,1590.0,6.6,10.1,1.016650,3.5,0.300,0.2,0.054
2004-11-03,4200.0,6.7,14.5,1.184215,1.5,0.000,0.6,0.000
2004-11-04,3440.0,5.1,12.1,1.056027,2.6,0.000,0.5,0.000
2004-11-05,4350.0,4.7,11.7,0.942753,3.6,0.300,0.6,0.021
2004-11-06,2900.0,5.1,11.4,1.016817,2.5,6.000,0.4,0.188
2004-11-07,5600.0,2.4,11.6,0.844347,1.8,0.000,0.8,0.000
2004-11-08,2920.0,1.7,9.9,0.817570,1.4,0.000,0.4,0.000
2004-11-09,4010.0,-1.1,4.5,0.641183,3.1,3.900,0.5,0.138
2004-11-10,1270.0,3.7,7.2,0.861365,2.6,13.700,0.2,0.371
2004-11-11,4190.0,-1.9,6.2,0.640177,1.6,0.000,0.5,0.000
2004-11-12,3840.0,-2.3,8.6,0.727216,3.9,1.600,0.5,0.133
2004-11-13,4890.0,1.4,8.2,0.728122,3.6,1.200,0.6,0.062
2004-11-14,5100.0,1.0,8.7,0.735696,1.8,0.200,0.6,0.012
2004-11-15,560.0,1.2,6.9,0.802418,3.5,0.100,0.1,0.008
2004-11-16,1010.0,6.7,10.5,1.081122,4.9,0.600,0.1,0.163
2004-11-17,470.0,9.4,11.8,1.227471,7.8,5.100,0.1,0.346
2004-11-18,1300.0,1.6,11.2,0.834841,5.0,17.500,0.2,0.500
2004-11-19,3650.0,0.5,6.2,0.700689,4.9,6.900,0.4,0.375
2004-11-20,2340.0,0.1,3.4,0.667044,3.9,2.800,0.3,0.100
2004-11-21,4070.0,-1.1,3.7,0.644092,2.9,1.100,0.4,0.133
2004-11-22,1320.0,3.7,12.3,1.006108,5.8,1.800,0.2,0.204
2004-11-23,2410.0,-0.9,10.5,0.787504,3.0,2.900,0.3,0.096
2004-11-24,4490.0,-2.7,6.5,0.593983,1.3,0.000,0.5,0.000
2004-11-25,5070.0,-4.7,5.7,0.490194,1.1,0.000,0.5,0.000
2004-11-26,1030.0,-1.6,6.1,0.681213,4.2,1.400,0.1,0.096
2004-11-27,2210.0,6.0,9.3,0.959600,3.0,0.800,0.3,0.067
2004-11-28,840.0,6.4,8.2,0.981528,2.7,6.400,0.1,0.537
2004-11-29,1390.0,5.1,7.9,0.929332,0.8,0.000,0.2,0.000
2004-11-30,2230.0,2.0,6.3,0.758572,2.8,0.000,0.3,0.000
2004-12-01,320.0,0.4,3.5,0.663767,1.6,4.700,0.0,0.146
2004-12-02,2020.0,-0.4,4.5,0.692518,1.5,0.000,0.2,0.000
2004-12-03,1600.0,1.7,6.0,0.784819,1.8,0.400,0.2,0.017
2004-12-04,1120.0,0.9,3.6,0.693643,2.8,0.300,0.1,0.025
2004-12-05,570.0,3.3,7.5,0.900232,3.0,0.000,0.1,0.000
2004-12-06,980.0,5.6,7.9,0.955541,3.0,0.000,0.1,0.000
2004-12-07,820.0,4.1,6.9,0.872176,2.3,0.000,0.1,0.000
2004-12-08,2680.0,-0.4,7.1,0.740477,1.7,0.000,0.3,0.000
2004-12-09,2900.0,-4.0,1.2,0.536936,2.8,0.000,0.3,0.000
2004-12-10,4320.0,-5.7,2.9,0.496854,1.7,0.000,0.4,0.000
2004-12-11,590.0,-0.6,1.8,0.640121,1.3,0.000,0.1,0.000
2004-12-12,860.0,1.6,3.9,0.694134,3.0,0.000,0.1,0.000
2004-12-13,530.0,-1.8,2.5,0.567013,2.1,0.000,0.1,0.000
2004-12-14,1320.0,-3.0,2.7,0.563780,2.8,0.000,0.1,0.000
2004-12-15,2210.0,0.7,5.6,0.610730,4.3,0.000,0.3,0.000
2004-12-16,2750.0,1.5,7.1,0.715150,5.5,2.900,0.3,0.154
2004-12-17,1180.0,3.9,6.9,0.831627,5.1,7.000,0.2,0.333
2004-12-18,1530.0,0.4,5.4,0.651648,4.7,7.100,0.2,0.154
2004-12-19,3540.0,-4.3,3.7,0.532587,1.9,0.000,0.4,0.000
2004-12-20,4290.0,-5.0,1.9,0.485222,1.8,0.000,0.4,0.000
2004-12-21,3920.0,-4.8,-0.2,0.380781,2.3,0.000,0.4,0.000
2004-12-22,420.0,-1.3,3.7,0.608129,6.2,3.300,0.0,0.288
2004-12-23,530.0,3.6,10.3,0.908999,7.0,1.500,0.1,0.163
2004-12-24,2500.0,6.3,9.8,0.865432,7.3,11.200,0.4,0.196
2004-12-25,2480.0,-0.7,8.3,0.732958,4.2,4.300,0.3,0.129
2004-12-26,1370.0,-3.2,0.3,0.543951,1.5,0.000,0.1,0.000
2004-12-27,830.0,-5.6,-1.3,0.467763,1.7,0.000,0.1,0.000
2004-12-28,950.0,-1.5,2.9,0.619732,5.0,4.600,0.1,0.317
2004-12-29,3720.0,-0.1,4.4,0.646546,2.8,1.800,0.4,0.054
2004-12-30,400.0,2.9,7.4,0.792247,4.9,0.300,0.1,0.067
2004-12-31,550.0,6.6,9.6,1.019304,4.7,1.200,0.1,0.175
